department,commune,clinic,category,type,siteCode,network,inCPHR,dbSite,ipAddress,dbVersion,lat,lng,oldClinicName,hostname
Ouest,Port-au-Prince,Hôpital de l'Universite d'Etat d'Haiti - HUEH,Hop,Publique,11100,UGP MSPP,1,65,67.46.131.186,16.1 (8,18.5398,-72.3402,Hôpital de l'Universite d'Etat d'Haiti - HUEH,hueh
Ouest,Port-au-Prince,Dispensaire de l’Ass. Des Chauffeurs guides,CSL,privé,11101,,0,0,,0.0 RC0,NULL,NULL,Dispensaire de l’Ass. Des Chauffeurs guides,NULL
Ouest,Port-au-Prince,Dispensaire de Baillergeau c/s campêche,Disp,privé,11102,,0,0,,0.0 RC0,18.5506,-72.3368,Dispensaire de Baillergeau c/s campêche,NULL
Ouest,Port-au-Prince,Centre de Santé Aurore du Belair,CSL,Publique,11103,,0,0,,0.0 RC0,18.5335,-72.3168,Centre de Santé Aurore du Belair,NULL
Ouest,Port-au-Prince,Hôpital du Canapé Vert,Hop,privé,11104,,0,0,,0.0 RC0,18.5296,-72.3686,Hôpital du Canapé Vert,NULL
Ouest,Port-au-Prince,Dispensaire Carifont de Fontamara,CSL,privé,11105,,0,0,,0.0 RC0,18.5358,-72.3467,Dispensaire Carifont de Fontamara,NULL
Ouest,Port-au-Prince,Centre de Santé du Portail Léogane,CSL,Publique,11106,UMaryland,1,42,,17.1 (1,18.55,-72.33,Centre de Santé du Portail Léogane,NULL
Ouest,Port-au-Prince,Centre de santé de St. Antoine,CSL,privé,11107,,0,0,,0.0 RC0,18.5238,-72.3488,Centre de santé de St. Antoine,NULL
Ouest,Port-au-Prince,Centre de Santé Snelak,CSL,mixte,11108,,0,0,,0.0 RC0,18.5487,-72.3241,Centre de Santé Snelak,NULL
Ouest,Port-au-Prince,Centre de Santé de Solino,CSL,privé,11109,FOSREF,1,0,,16.1 (8,18.5419,-72.3199,Centre de Santé de Solino,NULL
Ouest,Port-au-Prince,Centre de Santé trou sable,CSL,privé,11110,,0,0,,0.0 RC0,18.5297,-72.373,Centre de Santé trou sable,NULL
Ouest,Port-au-Prince,SOFA,CSL,privé,11111,,0,0,,0.0 RC0,18.5422,-72.3431,SOFA,NULL
Ouest,Port-au-Prince,Centre de Santé Richard Allen,CSL,privé,11112,,0,0,,0.0 RC0,NULL,NULL,Centre de Santé Richard Allen,NULL
Ouest,Port-au-Prince,ASOLDO,CSL,privé,11113,,0,0,,0.0 RC0,18.5373,-72.3452,ASOLDO,NULL
Ouest,Port-au-Prince,Hôpital François,CAL,privé,11114,,0,0,,0.0 RC0,NULL,NULL,Hôpital François,NULL
Ouest,Port-au-Prince,Centre de Santé du Bon Secours,CSL,privé,11115,,0,0,,0.0 RC0,NULL,NULL,Centre de Santé du Bon Secours,NULL
Ouest,Port-au-Prince,Klinik Sante Fanm,CSL,privé,11116,ICC,1,44,,15.1 (8,18.5376,-72.3411,Klinik fanm kafou fey,NULL
Ouest,Port-au-Prince,Ligue anti anemie falciforme (LAAF),CSL,privé,11117,,0,0,,0.0 RC0,NULL,NULL,Ligue anti anemie falciforme (LAAF),NULL
Ouest,Port-au-Prince,Centre de psychiatrie Mars & Kline,Hop,Publique,11118,,0,0,,0.0 RC0,18.5384,-72.3437,Centre de psychiatrie Mars & Kline,NULL
Ouest,Port-au-Prince,Centre St Antoine,CSL,privé,11119,,0,0,,0.0 RC0,18.5339,-72.3243,Centre St Antoine,NULL
Ouest,Port-au-Prince,HSFS,CAL,privé,11120,Non associée,1,40,200.80.101.74,15.1 (8,18.54,-72.32,Hôpital St. François de Salle,stfrancissales
Ouest,Port-au-Prince,CAL SODEC,CAL,privé,11121,,0,0,,0.0 RC0,18.5268,-72.3442,CAL SODEC,NULL
Ouest,Port-au-Prince,PROFAMIL,CSL,privé,11122,,0,0,,0.0 RC0,18.5353,-72.3284,PROFAMIL,NULL
Ouest,Port-au-Prince,Sanatorium de Port-au-Prince,Hop,Publique,11123,GHESKIO,1,24,,17.1 (1,18.53,-72.35,Sanatorium de Port-au-Prince,NULL
Ouest,Port-au-Prince,Hôpital Saint-Joseph,CSL,privé,11124,,0,0,,0.0 RC0,NULL,NULL,Hôpital Saint-Joseph,NULL
Ouest,Port-au-Prince,Centre Pédodontique,CSL,privé,11125,,0,0,,0.0 RC0,NULL,NULL,Centre Pédodontique,NULL
Ouest,Port-au-Prince,World Relief,CSL,privé,11126,,0,0,,0.0 RC0,18.5257,-72.3315,World Relief,NULL
Ouest,Port-au-Prince,Institut de Dermatologie et des Maladies Infectieuses,CSL,mixte,11127,GHESKIO,1,15,190.115.167.202,17.1 (1,18.5489,-72.3395,Institut Fame Pereo,famepereo
Ouest,Port-au-Prince,Centre de santé croix des prés,CSL,privé,11128,,0,0,,0.0 RC0,18.5286,-72.3472,Centre de santé croix des prés,NULL
Ouest,Port-au-Prince,Renaissance,CSL,Publique,11129,,0,0,,0.0 RC0,18.5245,-72.3398,Renaissance,NULL
Ouest,Port-au-Prince,APROSIFA,CSL,mixte,11130,,0,0,,0.0 RC0,18.5311,-72.3372,APROSIFA,NULL
Ouest,Port-au-Prince,Centre de santé Sainte elizabeth,CSL,privé,11131,,0,0,,0.0 RC0,18.5293,-72.3557,Centre de santé Sainte elizabeth,NULL
Ouest,Port-au-Prince,Centre de santé kay ti moun,CSL,privé,11132,,0,0,,0.0 RC0,18.5336,-72.3534,Centre de santé kay ti moun,NULL
Ouest,Port-au-Prince,CMS/FHSM,CSL,privé,11133,,0,0,,0.0 RC0,18.5467,-72.3231,CMS/FHSM,NULL
Ouest,Port-au-Prince,Clinique Communautaire de Martissant,CSL,mixte,11134,SSQH,1,131,,16.1 (8,18.54,-72.35,Centre de santé Martissant,NULL
Ouest,Port-au-Prince,Centre de santé Caravelle,CSL,privé,11135,,0,0,,0.0 RC0,18.5274,-72.3523,Centre de santé Caravelle,NULL
Ouest,Port-au-Prince,Gheskio,CSL,privé,11136,,0,0,,0.0 RC0,18.522,-72.3709,Gheskio,NULL
Ouest,Port-au-Prince,Centre de Santé Bethanie,CSL,mixte,11137,,0,0,,0.0 RC0,NULL,NULL,Centre de Santé Bethanie,NULL
Ouest,Port-au-Prince,Centre St Jude,CSL,privé,11138,,0,0,,0.0 RC0,18.5239,-72.3695,Centre St Jude,NULL
Ouest,Port-au-Prince,Centre de Santé ACDEF mapou,CSL,privé,11139,,0,0,,0.0 RC0,NULL,NULL,Centre de Santé ACDEF mapou,NULL
Ouest,Port-au-Prince,Centre de Santé Providence,CSL,mixte,11140,,0,0,,0.0 RC0,18.5305,-72.367,Centre de Santé Providence,NULL
Ouest,Port-au-Prince,Centre de Santé Bethesda,CSL,mixte,11141,,0,0,,0.0 RC0,18.5308,-72.3374,Centre de Santé Bethesda,NULL
Ouest,Port-au-Prince,Centre médico-social (fhsm),CSL,privé,11142,,0,0,,0.0 RC0,18.5357,-72.3335,Centre médico-social (fhsm),NULL
Ouest,Port-au-Prince,Centre de santé communautaire (rue Mgr. Guilloux),CSL,privé,11143,,0,0,,0.0 RC0,18.5415,-72.3334,Centre de santé communautaire (rue Mgr. Guilloux),NULL
Ouest,Port-au-Prince,Centre de Santé St Michel de Fontamara,CSL,mixte,11144,GHESKIO,1,28,,17.1 (1,18.53,-72.37,Centre de Santé St Michel barreau,NULL
Ouest,Port-au-Prince,Hôpital Saint-esprit,Hop,privé,11145,,0,0,,0.0 RC0,18.5448,-72.335,Hôpital Saint-esprit,NULL
Ouest,Port-au-Prince,Hôpital Sainte Claire,Hop,privé,11146,,0,0,,0.0 RC0,18.5376,-72.3186,Hôpital Sainte Claire,NULL
Ouest,Port-au-Prince,Hôpital Sapiens,Hop,privé,11147,,0,0,,0.0 RC0,18.525,-72.3187,Hôpital Sapiens,NULL
Ouest,Port-au-Prince,Maternité UMO,Hop,privé,11148,,0,0,,0.0 RC0,NULL,NULL,Maternité UMO,NULL
Ouest,Port-au-Prince,Hôpital la Sainte Famille,Hop,privé,11149,,0,0,,0.0 RC0,NULL,NULL,Hôpital la Sainte Famille,NULL
Ouest,Port-au-Prince,Hôpital la fleur du chêne,Hop,privé,11150,,0,0,,0.0 RC0,18.5255,-72.335,Hôpital la fleur du chêne,NULL
Ouest,Port-au-Prince,FOSREF,CSL,privé,11151,FOSREF,0,0,,0.0 RC0,18.5068,-72.3614,FOSREF,NULL
Ouest,Port-au-Prince,Maternité de Christ-roi,Hop,privé,11152,,0,0,,0.0 RC0,18.5367,-72.3545,Maternité de Christ-roi,NULL
Ouest,Port-au-Prince,Centre de Santé cite Canada (Haut Turgeau),CSL,mixte,11153,,0,0,,0.0 RC0,NULL,NULL,Centre de Santé cite Canada (Haut Turgeau),NULL
Ouest,Port-au-Prince,Hôpital du Canapé-vert,Hop,privé,11154,,0,0,,0.0 RC0,NULL,NULL,Hôpital du Canapé-vert,NULL
Ouest,Port-au-Prince,Centre Jeunes de Lalue,CSL,Privé,11155,FOSREF,1,0,,17.1 (1,18.5437,-72.3217,NULL,NULL
Ouest,Port-au-Prince,Centre Lakay Centre Ville,CSL,Privé,11156,FOSREF,1,0,,17.1 (1,18.5304,-72.3369,NULL,NULL
Ouest,Port-au-Prince,CEGYPEF,CSL,Privé,11157,FOSREF,1,0,,17.1 (1,18.5304,-72.3478,NULL,NULL
Ouest,Port-au-Prince,Centre de Christ Roi,CSL,privé,11158,FOSREF,1,0,0,16.1 (8,18.53,-72.34,NULL,NULL
Ouest,Port-au-Prince,Missionnaires de la Charite - Adulte,CSL,Privé,11164,ICC,1,0,0,15.1 (8,18.5217,-72.3445,NULL,NULL
Ouest,Port au Prince,Prison Civile de Port au Prince,CS,Public,11170,HTW,1,0,,17.1 (1,18.5373,-72.3214,NULL,NULL
Ouest,Port au Prince,Hopital St Louis,Hopital,privé,11188,Non associée,1,71,,NULL,0,0,NULL,NULL
Ouest,Port au Prince,Klinik Solidarite,CSL,privé,11199,HTW,1,0,,NULL,18.54,-72.33,NULL,NULL
Ouest,Delmas,Centre de santé Armée du Salut,CSL,privé,11201,,0,0,,0.0 RC0,18.556,-72.3365,Centre de santé Armée du Salut,NULL
Ouest,Delmas,C/S Bas Fd Philomène Delmas 32,CSL,privé,11202,,0,0,,0.0 RC0,18.5471,-72.3126,C/S Bas Fd Philomène Delmas 32,NULL
Ouest,Delmas,C/S Delmas 30,CSL,privé,11203,,0,0,,0.0 RC0,NULL,NULL,C/S Delmas 30,NULL
Ouest,Delmas,C/S La Saline,CSL,privé,11204,,0,0,,0.0 RC0,18.5604,-72.3405,C/S La Saline,NULL
Ouest,Delmas,Citymed de Delmas,Hop,privé,11205,,0,0,,0.0 RC0,18.5569,-72.3066,Citymed de Delmas,NULL
Ouest,Delmas,Centre de santé de Delmas 33,CSL,Publique,11206,,0,0,,0.0 RC0,18.5564,-72.2984,Centre de santé de Delmas 33,NULL
Ouest,Delmas,C/S communauté chrétienne Fleuriot de Tabarre,CSL,privé,11207,,0,0,,0.0 RC0,18.575,-72.263,C/S communauté chrétienne Fleuriot de Tabarre,NULL
Ouest,Delmas,Grace Children's Hospital,Hop,privé,11208,PATHFINDER,1,45,67.47.164.254,17.2 (1,18.5599,-72.302,Grace Children's Hospital,grace
Ouest,Delmas,Hôpital Espoir,Hop,privé,11209,,0,0,,0.0 RC0,18.5415,-72.2785,Hôpital Espoir,NULL
Ouest,Delmas,Centre de santé solidarité,CSL,privé,11210,,0,0,,0.0 RC0,NULL,NULL,Centre de santé solidarité,NULL
Ouest,Delmas,Hopital saint Charbel (DASH),Hop,privé,11211,,0,0,,0.0 RC0,18.5395,-72.2957,Hopital saint Charbel (DASH),NULL
Ouest,Delmas,Hopital Jude Anne (DASH),Hop,privé,11212,,0,0,,0.0 RC0,18.5566,-72.3253,Hopital Jude Anne (DASH),NULL
Ouest,Delmas,Centre de santé lumière,CSL,privé,11213,,0,0,,0.0 RC0,NULL,NULL,Centre de santé lumière,NULL
Ouest,Delmas,CPFO,Hop,privé,11214,,0,0,,0.0 RC0,18.5755,-72.3088,CPFO,NULL
Ouest,Delmas,Vie et santé,Hop,privé,11215,,0,0,,0.0 RC0,NULL,NULL,Vie et santé,NULL
Ouest,Delmas,Clinique Communautaire de Delmas 75,CSL,privé,11216,SSQH,1,116,,16.2 (7,18.55,-72.29,Fondeph,NULL
Ouest,Delmas,Centre Obstetrico-Gynecologique Isaie Jeanty et Leon Audain,Hop,Publique,11217,UGP MSPP,1,180,190.102.66.130,17.1 (1,18.5643,-72.3354,Maternite Isaie Jeanty,mij
Ouest,Delmas,Haiti Med,CSL,privé,11218,,0,0,,0.0 RC0,18.564,-72.308,Haiti Med,NULL
Ouest,Delmas,Centre de santé Croix des missions,CSL,privé,11219,UGP MSPP,1,43,,16.1 (8,0,0,Centre de santé croix des missions,NULL
Ouest,Delmas,Centre de santé Mais gaté,CSL,privé,11220,,0,0,,0.0 RC0,NULL,NULL,Centre de santé Mais gaté,NULL
Ouest,Delmas,Hôpital Universitaire de la Paix,Hôpital U,privé,11221,UGP MSPP,1,130,200.4.186.206,17.2 (1,18.55,-72.32,Hôpital Universitaire de la Paix,hoplapaix
Ouest,Delmas,Centre de Santé Saint-Jean,CSL,Publique,11222,,0,0,,0.0 RC0,NULL,NULL,Centre de Santé Saint-Jean,NULL
Ouest,Delmas,Hôpital de l'OFATMA,Hopital,privé,11223,,1,77,,14.2 (6,18.57,-72.33,Hôpital de l'OFATMA,NULL
Ouest,Delmas,Centre de Santé de Petite Place Cazeau,Hop,Publique,11224,CDS,1,63,,17.1 (1,18.56,-72.28,Centre de Santé de Petite Place Cazeau,NULL
Ouest,Delmas,Centre de Santé Saint-Martin I,CSL,privé,11225,,0,0,,0.0 RC0,18.5579,-72.3233,Centre de Santé Saint-Martin I,NULL
Ouest,Delmas,Centre de Santé Saint-Martin II,CAL,Publique,11226,,0,0,,0.0 RC0,NULL,NULL,Centre de Santé Saint-Martin II,NULL
Ouest,Delmas,Centre de santé St Paul,CSL,privé,11227,,0,0,,0.0 RC0,18.5438,-72.3058,Centre de santé St Paul,NULL
Ouest,Delmas,Hôpital Bernard Mevs,CSL,Publique,11228,GHESKIO,1,125,186.1.204.114,17.1 (1,18.562,-72.319,Centre de Sante Bernard Mews,mews
Ouest,Delmas,CHOSCAL,CSL,Publique,11229,UGP MSPP,1,18,67.47.164.190,16.1 (8,18.57,-72.29,CHOSCAL,NULL
Ouest,Delmas,CHAPI,CSL,privé,11230,GHESKIO,1,29,,17.1 (1,0,0,CHAPI,NULL
Ouest,Delmas,C/S Fontaine,Hop,privé,11231,,0,0,,0.0 RC0,18.5964,-72.3275,C/S Fontaine,NULL
Ouest,Delmas,CNSRR-Centre de Nutrition et Sante Rosalie Rendu,Hop,Publique,11232,PATHFINDER,1,0,,0.0 RC0,0,0,Centre médical & de nutrition Rosalie Rendu,NULL
Ouest,Delmas,C/S Pèlerin,CSL,privé,11233,,0,0,,0.0 RC0,NULL,NULL,C/S Pèlerin,NULL
Ouest,Delmas,Centre Jeunes de Delmas 19,CSL,Privé,11234,FOSREF,1,0,,16.1 (8,18.5704,-72.2915,NULL,NULL
Ouest,Delmas,Clinique Communautaire,CSL,privé,11235,N/A,0,0,0,16.1 (8,18.55,-72.48,NULL,NULL
Ouest,Delmas,Centre Jeunes de Delmas 33,CSL,Privé,11240,FOSREF,1,0,0,15.1 (8,18.5486,-72.3063,NULL,NULL
Ouest,Delmas,CERMICOL,CS,Public,11250,HTW,1,0,,15.1 (8,18.54,-72.31,NULL,NULL
Ouest,Delmas,Clinic JP HRO 2,CSL,mixte,11251,,1,111,,17.1 (1,0,0,NULL,NULL
Ouest,Delmas,Hôpital Sage Citymed,Hopital,privé,11289,Non associée,1,96,,13.2.4,0,0,NULL,NULL
Ouest,Carrefour,C/S Fondeph Bizoton 61,CSL,privé,11301,,0,0,,0.0 RC0,18.5327,-72.3851,C/S Fondeph Bizoton 61,NULL
Ouest,Carrefour,Dispensaire de Cookson Hill,CSL,privé,11302,,0,0,,0.0 RC0,NULL,NULL,Dispensaire de Cookson Hill,NULL
Ouest,Carrefour,Hôpital de Carrefour,Hop,privé,11303,UGP MSPP,1,100,67.47.170.54,17.1 (1,18.5378,-72.4075,Hôpital de Carrefour,hopcarrefour
Ouest,Carrefour,Centre médico social (rivière froide),CSL,privé,11304,,0,0,,0.0 RC0,18.5183,-72.4127,Centre médico social (rivière froide),NULL
Ouest,Carrefour,C/S Béthel Mahotière 81,CSL,privé,11305,,0,0,,0.0 RC0,18.5364,-72.4051,C/S Béthel Mahotière 81,NULL
Ouest,Carrefour,Hôpital Adventiste d'Haiti,Hôpital U,privé,11306,Non associée,1,108,67.47.170.46,17.1 (1,18.5315,-72.3867,Hôpital Adventiste de Diquini,NULL
Ouest,Carrefour,CSL La Barque de Pierre,Hop,privé,11307,,0,0,,0.0 RC0,NULL,NULL,CSL La Barque de Pierre,NULL
Ouest,Carrefour,Dispensaire la main tendue de Bertin,CSL,privé,11308,,0,0,,0.0 RC0,18.5286,-72.4122,Dispensaire la main tendue de Bertin,NULL
Ouest,Carrefour,CSL OBCG,CSL,privé,11309,PATHFINDER,1,0,,0.0 RC0,18.54,-72.41,CSL OBCG,NULL
Ouest,Carrefour,SHEKINAH,CSL,privé,11310,,0,0,,0.0 RC0,NULL,NULL,SHEKINAH,NULL
Ouest,Carrefour,Dispensaire de Taiffer,Disp,privé,11311,,0,0,,0.0 RC0,18.4814,-72.4136,Dispensaire de Taiffer,NULL
Ouest,Carrefour,Centre de Santé Communautaire de Waney 87,Disp,privé,11312,,0,0,,0.0 RC0,NULL,NULL,Centre de Santé Communautaire de Waney 87,NULL
Ouest,Carrefour,Centre de Santé Béthel,CSL,privé,11313,,0,0,,0.0 RC0,18.548,-72.4196,Centre de Santé Béthel,NULL
Ouest,Carrefour,Centre de Santé Multi fonctionnaire de sous-rail,CSL,mixte,11314,,0,0,,0.0 RC0,18.5479,-72.4001,Centre de Santé Multi fonctionnaire de sous-rail,NULL
Ouest,Carrefour,Dispensaire ASCOSADEC,CSL,Privé,11315,,0,0,,0.0 RC0,18.5251,-72.4059,Dispensaire ASCOSADEC,NULL
Ouest,Carrefour,Centre Hospitalier d'Arcachon 32,CSL,privé,11316,GHESKIO,1,55,67.47.164.78,17.1 (1,18.5415,-72.3978,Centre Hospitalier d'Arcachon 32,foodpoor
Ouest,Carrefour,C/S Omes,Hop,privé,11317,,0,0,,0.0 RC0,18.5324,-72.3887,C/S Omes,NULL
Ouest,Carrefour,C/S Mère Térésa,CSL,privé,11318,,0,0,,0.0 RC0,18.5379,-72.4032,C/S Mère Térésa,NULL
Ouest,Carrefour,Centre de Santé Hands of Love,CSL,privé,11319,,0,0,,0.0 RC0,18.5317,-72.3753,Centre de Santé Hands of Love,NULL
Ouest,Carrefour,Centre de la communauté des frères unis,CSL,privé,11320,,0,0,,0.0 RC0,18.5419,-72.4062,Centre de la communauté des frères unis,NULL
Ouest,Carrefour,Dispensaire Marie Louise de Jésus,CSL,privé,11321,,0,0,,0.0 RC0,18.5374,-72.4202,Dispensaire Marie Louise de Jésus,NULL
Ouest,Carrefour,C/S Maranatha,Disp,privé,11322,,0,0,,0.0 RC0,NULL,NULL,C/S Maranatha,NULL
Ouest,Carrefour,Zion par la Foi,CSL,privé,11323,,0,0,,0.0 RC0,NULL,NULL,Zion par la Foi,NULL
Ouest,Carrefour,C/S Maranatha A,CSL,privé,11324,,0,0,,0.0 RC0,NULL,NULL,C/S Maranatha,NULL
Ouest,Carrefour,Dispensaire Mocot,CSL,privé,11325,,0,0,,0.0 RC0,NULL,NULL,Dispensaire Mocot,NULL
Ouest,Carrefour,C/S Bertin,CSL,privé,11326,,0,0,,0.0 RC0,18.5303,-72.4141,C/S Bertin,NULL
Ouest,Carrefour,Clinique Mennonite de Carrefour,Disp,privé,11327,ICC,1,0,,0.0 RC0,18.5418,-72.3983,Clinique mennonite,NULL
Ouest,Carrefour,Centre Lakay de Carrefour,CSL,privé,11328,FOSREF,1,0,,NULL,0,0,NULL,NULL
Ouest,Port au Prince,Hôpital Le Messie,Hopital,privé,11400,,1,67,,NULL,0,0,NULL,NULL
Ouest,Pétion ville,Centre de Santé calebasse,CSL,privé,11401,,0,0,,0.0 RC0,18.4632,-72.2633,Centre de Santé calebasse,NULL
Ouest,Léogane,Citymed de Pétion ville,Disp,Publique,11402,,0,0,,0.0 RC0,18.5135,-72.2859,Citymed de Pétion ville,NULL
Ouest,Léogane,Centre de santé Monsanto Petit,CSL,privé,11403,,0,0,,0.0 RC0,18.4984,-72.3193,Centre de santé Monsanto Petit,NULL
Ouest,Pétion ville,Hôpital de la Communauté Haïtienne,CSL,privé,11404,GHESKIO,1,170,67.47.164.74,16.1 (8,18.524,-72.2723,Hôpital de la communauté haïtienne,hch
Ouest,Pétion ville,Centre Hospitalier Eliazar Germain,CSL,privé,11405,GHESKIO,1,110,67.47.161.233,16.1 (8,18.5171,-72.2887,Centre Eliazar Germain,egermain
Ouest,Pétion ville,C/S Francisca Cabrini,CSL,privé,11406,,0,0,,0.0 RC0,NULL,NULL,C/S Francisca Cabrini,NULL
Ouest,Pétion ville,Hopital Censhop,Hop,mixte,11407,,0,0,,0.0 RC0,18.5186,-72.237,Hopital Censhop,NULL
Ouest,Pétion ville,CSL family center,CAL,Publique,11408,,0,0,,0.0 RC0,NULL,NULL,CSL family center,NULL
Ouest,Pétion ville,Fondeph,CSL,privé,11409,,0,0,,0.0 RC0,18.5202,-72.3064,Fondeph,NULL
Ouest,Pétion ville,Dispensaire Sainte Claire,CSL,privé,11410,,0,0,,0.0 RC0,NULL,NULL,Dispensaire Sainte Claire,NULL
Ouest,Pétion ville,C/S kay lavi,CSL,privé,11411,,0,0,,0.0 RC0,NULL,NULL,C/S kay lavi,NULL
Ouest,Pétion ville,Hôpital Saint Damien (NPFS),Hopital,privé,11412,ITECH,1,145,,16.2 (7,18.57,-72.25,Hôpital nos petits frères et soeurs,npfs
Ouest,Pétion ville,Centre de Santé Nazaréen,CSL,privé,11413,,0,0,,0.0 RC0,NULL,NULL,Centre de Santé Nazaréen,NULL
Ouest,Pétion ville,C/S Notre Dame du Cap,CSL,privé,11414,,0,0,,0.0 RC0,18.511,-72.2849,C/S Notre Dame du Cap,NULL
Ouest,Pétion ville,C/S de Pernier,CSL,Publique,11415,,0,0,,0.0 RC0,18.5235,-72.2266,C/S de Pernier,NULL
Ouest,Pétion ville,C/S retraite sainte Anne,CSL,privé,11416,,0,0,,0.0 RC0,18.5244,-72.2814,C/S retraite sainte Anne,NULL
Ouest,Pétion ville,Centre de Santé de Thomassin 25,CSL,privé,11417,,0,0,,0.0 RC0,18.4859,-72.3129,Centre de Santé de Thomassin 25,NULL
Ouest,Pétion ville,Centre de santé Zafè Fanm,CSL,privé,11418,,0,0,,0.0 RC0,NULL,NULL,Centre de santé Zafè Fanm,NULL
Ouest,Pétion ville,C/S Concardia,CSL,privé,11419,,0,0,,0.0 RC0,18.5269,-72.2851,C/S Concardia,NULL
Ouest,Pétion ville,Centre de Santé philantropique de dupont,CSL,privé,11420,,0,0,,0.0 RC0,NULL,NULL,Centre de Santé philantropique de dupont,NULL
Ouest,Pétion ville,Dispensaire de Diegue,Disp,privé,11421,,0,0,,0.0 RC0,NULL,NULL,Dispensaire de Diegue,NULL
Ouest,Pétion ville,C/S l’espoir,CSL,privé,11422,,0,0,,0.0 RC0,18.5102,-72.2726,C/S l’espoir,NULL
Ouest,Pétion ville,Centre Lakay de Pétion ville,CSL,Privé,11423,FOSREF,1,0,,17.1 (1,18.5079,-72.2669,NULL,NULL
Ouest,Pétion ville,Prison Civile de Petion Ville,CS,Public,11450,HTW,1,0,,17.1 (1,18.51,-72.29,NULL,NULL
Ouest,Kenscoff,Centre de Santé de Kenscoff,CSL,Publique,11501,,0,0,,0.0 RC0,18.4487,-72.285,Centre de Santé de Kenscoff,NULL
Ouest,Kenscoff,Dispensaire de Bolosse (mission baptiste),Disp,privé,11502,,0,0,,0.0 RC0,18.4413,-72.3462,Dispensaire de Bolosse (mission baptiste),NULL
Ouest,Kenscoff,Hôpital de Fermathe,Disp,privé,11503,GHESKIO,1,165,67.46.131.74,17.1 (1,18.4629,-72.2889,Hôpital de Fermathe (mission baptiste),hmbf
Ouest,Kenscoff,Dispensaire de Greffin (mission baptiste),CSL,Publique,11504,,0,0,,0.0 RC0,18.48,-72.2396,Dispensaire de Greffin (mission baptiste),NULL
Ouest,Kenscoff,Dispensaire de Robin (mission baptiste),Disp,privé,11505,,0,0,,0.0 RC0,18.4337,-72.2615,Dispensaire de Robin (mission baptiste),NULL
Ouest,Kenscoff,Dispensaire de Bongars (mission baptiste),Hop,privé,11506,,0,0,,0.0 RC0,NULL,NULL,Dispensaire de Bongars (mission baptiste),NULL
Ouest,Kenscoff,Disp. Notre Dame Perpétuel Secours (Furcy),Disp,privé,11507,,0,0,,0.0 RC0,18.4181,-72.3049,Disp. Notre Dame Perpétuel Secours (Furcy),NULL
Ouest,Kenscoff,Dispensaire d’Athis,Disp,privé,11508,,0,0,,0.0 RC0,18.4705,-72.256,Dispensaire d’Athis,NULL
Ouest,Kenscoff,Dispensaire Godey (Afè nèg kombit),Disp,privé,11509,,0,0,,0.0 RC0,18.4476,-72.3059,Dispensaire Godey (Afè nèg kombit),NULL
Ouest,Kenscoff,Dispensaire Dumisseau (Afè nèg kombit),Disp,privé,11510,,0,0,,0.0 RC0,NULL,NULL,Dispensaire Dumisseau (Afè nèg kombit),NULL
Ouest,Kenscoff,Dispensaire aux cadets (Afè nèg kombit),Disp,privé,11511,,0,0,,0.0 RC0,18.4518,-72.2023,Dispensaire aux cadets (Afè nèg kombit),NULL
Ouest,Gressier,Dispensaire Bon Berger,Disp,Publique,11601,,0,0,,0.0 RC0,18.5429,-72.5244,Dispensaire Bon Berger,NULL
Ouest,Gressier,Centre de Santé de Christianville,Disp,Publique,11602,,0,0,,0.0 RC0,18.5242,-72.5543,Centre de Santé de Christianville,NULL
Ouest,Gressier,Centre de Santé FOSADEC,CSL,Publique,11603,,0,0,,0.0 RC0,18.5394,-72.4989,Centre de Santé FOSADEC,NULL
Ouest,Gressier,Centre de Santé de Alphonse,CSL,privé,11604,,0,0,,0.0 RC0,NULL,NULL,Centre de Santé de Alphonse,NULL
Ouest,Gressier,Dispensaire Zev Atizan Lape,CSL,privé,11605,,0,0,,0.0 RC0,NULL,NULL,Dispensaire Zev Atizan Lape,NULL
Ouest,Gressier,Dispensaire morne a bateau,Disp,privé,11606,,0,0,,0.0 RC0,NULL,NULL,Dispensaire morne a bateau,NULL
Ouest,Arcahaie,Centre de Sante de Rousseau,CAL,Communautaire,11722,UGP MSPP,1,103,,16.1 (8,0,0,NULL,NULL
Ouest,Léogane,Dispensaire de Beauséjour,Disp,privé,12101,,0,0,,0.0 RC0,18.4212,-72.5064,Dispensaire de Beauséjour,NULL
Ouest,Léogane,Centre medico communautaire de Darbonne,Disp,privé,12102,,0,0,,0.0 RC0,18.4925,-72.5898,Centre medico communautaire de Darbonne,NULL
Ouest,Léogane,C/S Farnèse Louis Charles de Palmiste a vin,Disp,privé,12103,,0,0,,0.0 RC0,18.4267,-72.643,C/S Farnèse Louis Charles de Palmiste a vin,NULL
Ouest,Léogane,Hôpital Cardinal Léger,Disp,Privé,12104,,0,0,,0.0 RC0,18.5135,-72.6097,Hôpital Cardinal Léger,NULL
Ouest,Léogane,Centre materno-infantile,CSL,mixte,12105,,0,0,,0.0 RC0,18.5061,-72.6293,Centre materno-infantile,NULL
Ouest,Léogane,Sanatorium de Léogane,CSL,privé,12106,,0,0,,0.0 RC0,18.5128,-72.6065,Sanatorium de Léogane,NULL
Ouest,Léogane,Sanatorium de Sigueneau,Hop,privé,12107,GHESKIO,1,35,67.47.95.105,16.1 (8,18.5137,-72.6081,Asile de Sigueneau,sigueneau
Ouest,Léogane,Hôpital Sainte-Croix de Leogane,CSL,mixte,12108,Non associée,1,0,,15.1 (8,18.5074,-72.6313,Hôpital Sainte-Croix de Leogane,NULL
Ouest,Léogane,Biré (new mission),Hop,Publique,12109,,0,0,,0.0 RC0,18.5422,-72.5792,Biré (new mission),NULL
Ouest,Léogane,Dispensaire de Fonds d'oie,Asile,Publique,12110,,0,0,,0.0 RC0,18.3887,-72.5845,Dispensaire de Fonds d'oie,NULL
Ouest,Léogane,Dispensaire de Trouin,Hop,privé,12111,,0,0,,0.0 RC0,18.3652,-72.6534,Dispensaire de Trouin,NULL
Ouest,Léogane,Centre petit Harpon,CSL,privé,12112,,0,0,,0.0 RC0,18.3717,-72.6238,Centre petit Harpon,NULL
Ouest,Petit Goave,Hôpital Notre Dame de Petit Goave,Hop,Publique,12201,GHESKIO,1,160,67.47.164.106,17.1 (1,18.4343,-72.8649,Hôpital Notre Dame de Petit Goave,hnd
Ouest,Petit Goave,Dispensaire de Vialet,Disp,Publique,12202,,0,0,,0.0 RC0,18.421,-72.9308,Dispensaire de Vialet,NULL
Ouest,Petit Goave,Dispensaire de Madeleine,Disp,Publique,12203,,0,0,,0.0 RC0,18.421,-73.0017,Dispensaire de Madeleine,NULL
Ouest,Petit Goave,Dispensaire de Arnoux,Disp,Publique,12204,,0,0,,0.0 RC0,18.3938,-73.0203,Dispensaire de Arnoux,NULL
Ouest,Petit Goave,Centre de Santé Les Palmes (Besace),CSL,privé,12205,,0,0,,0.0 RC0,18.3122,-72.8679,Centre de Santé Les Palmes (Besace),NULL
Ouest,Petit Goave,Centre de Santé de Delattre,CSL,privé,12206,,0,0,,0.0 RC0,18.3072,-72.9467,Centre de Santé de Delattre,NULL
Ouest,Petit Goave,Clinique mobile Olivier,CSL,privé,12207,,0,0,,0.0 RC0,18.4219,-73.0375,Clinique mobile Olivier,NULL
Ouest,Petit Goave,Centre de Santé Henry Gérard Desgranges,CSL,privé,12208,,0,0,,0.0 RC0,18.4178,-72.8812,Centre de Santé Henry Gérard Desgranges,NULL
Ouest,Petit Goave,Dispensaire APV de Vallue,Disp,privé,12209,,0,0,,0.0 RC0,18.3922,-72.822,Dispensaire APV de Vallue,NULL
Ouest,Grand Goave,Centre de Santé Georges Gauvin,CSL,privé,12301,,0,0,,0.0 RC0,18.4273,-72.7712,Centre de Santé Georges Gauvin,NULL
Ouest,Grand Goave,Centre de Santé de Meyer,Disp,privé,12302,,0,0,,0.0 RC0,18.341,-72.7082,Centre de Santé de Meyer,NULL
Ouest,Grand Goave,Dispensaire de Dufour,Disp,privé,12303,,0,0,,0.0 RC0,18.3213,-72.8049,Dispensaire de Dufour,NULL
Ouest,Cx des Bouquets,Dispensaire de Bas Boën,Disp,Publique,13101,,0,0,,0.0 RC0,18.5668,-72.1513,Dispensaire de Bas Boën,NULL
Ouest,Cx des Bouquets,Hôpital Défilé de Beudet,Disp,Publique,13102,,0,0,,0.0 RC0,18.6117,-72.2128,Hôpital Défilé de Beudet,NULL
Ouest,Cx des Bouquets,Centre de Santé de la Croix-des-Bouquets,Hop,Publique,13103,UGP MSPP,1,33,,16.1 (8,18.5757,-72.2269,Centre de Santé de la Croix-des-Bouquets,NULL
Ouest,Cx des Bouquets,Centre de Santé de Double Harvest,CSL,Privé,13104,,0,0,,0.0 RC0,18.5427,-72.1925,Centre de Santé de Double Harvest,NULL
Ouest,Cx des Bouquets,Centre de Santé HELP de Vaudreuil,CSL,privé,13105,,0,0,,0.0 RC0,18.5878,-72.1762,Centre de Santé HELP de Vaudreuil,NULL
Ouest,Cx des Bouquets,Centre de Santé Lucelia Bontemps,CAL,privé,13106,PATHFINDER,1,0,,0.0 RC0,18.61,-72.31,Centre de Santé Lucelia Bontemps,NULL
Ouest,Cx des Bouquets,Centre de Santé de Turbé,CSL,privé,13107,,0,0,,0.0 RC0,18.536,-72.1666,Centre de Santé de Turbé,NULL
Ouest,Cx des Bouquets,Centre de Santé Sainte thérèse de Santo,CSL,privé,13108,,0,0,,0.0 RC0,18.5973,-72.2563,Centre de Santé Sainte thérèse de Santo,NULL
Ouest,Cx des Bouquets,Hopital Foyer Saint-Camille,CAL,privé,13109,UMaryland,1,95,190.115.189.234,17.1 (1,18.6153,-72.288,Centre de Santé Foyer Ste Catherine,stcamille
Ouest,Cx des Bouquets,C/S Kampech Dumaz,CSL,privé,13110,,0,0,,0.0 RC0,18.5167,-72.2028,C/S Kampech Dumaz,NULL
Ouest,Cx des Bouquets,Centre de Santé Life Line,CAL,privé,13111,,0,0,,0.0 RC0,18.5825,-72.2222,Centre de Santé Life Line,NULL
Ouest,Cx des Bouquets,Bon Samaritain en action,CSL,privé,13112,,0,0,,0.0 RC0,NULL,NULL,Bon Samaritain en action,NULL
Ouest,Cx des Bouquets,Centre de Santé Petits Amis de Jésus,CSL,privé,13113,,0,0,,0.0 RC0,NULL,NULL,Centre de Santé Petits Amis de Jésus,NULL
Ouest,Cx des Bouquets,Centre Jeunes de la Plaine du cul de sac,CSL,Privé,13114,FOSREF,1,0,,16.1 (8,18.62,-72.29,NULL,NULL
Ouest,Cx des Bouquets,Centre Hospitalier Christ pour Tous,Hopital,privé,13115,CMMB,1,0,,NULL,0,0,NULL,NULL
Ouest,Cx des Bouquets,Clinique mennonite de Croix des Bouquets,CSL,Privé,13119,GHESKIO,1,0,0,17.1 (1,18.62,-72.25,NULL,NULL
Ouest,Cx des Bouquets,Hopital Communautaire de Bon Repos,HCR,Public,13120,UGP MSPP,1,114,,17.1 (1,0,0,NULL,NULL
Ouest,Cx des Bouquets,HCR Ary Bordes Beudet,HCR,Public,13135,,1,74,,NULL,0,0,NULL,NULL
Ouest,Port-au-Prince,Hopital Saint Francois de Sales,Hopital,privé,13199,CMMB,1,161,,17.1 (1,18.54,-72.32,NULL,NULL
Ouest,Thomazeau,C/S de Thomazeau,CAL,Publique,13201,,0,0,,0.0 RC0,18.6534,-72.0938,C/S de Thomazeau,NULL
Ouest,Thomazeau,L’étang,CSL,privé,13202,,0,0,,0.0 RC0,18.6324,-72.1918,L’étang,NULL
Ouest,Ganthier,Dispensaire de Fonds Parisien,CAL,Publique,13301,,0,0,,0.0 RC0,NULL,NULL,Dispensaire de Fonds Parisien,NULL
Ouest,Ganthier,Centre de Santé de Ganthier,Disp,Publique,13302,,0,0,,0.0 RC0,18.5321,-72.062,Centre de Santé de Ganthier,NULL
Ouest,Ganthier,Dispensaire de Savane cabri,Disp,privé,13303,,0,0,,0.0 RC0,18.5864,-72.0781,Dispensaire de Savane cabri,NULL
Ouest,Ganthier,Dispensaire de FOPECG,CAL,privé,13304,,0,0,,0.0 RC0,NULL,NULL,Dispensaire de FOPECG,NULL
Ouest,Cornillon,Dispensaire de conillon,Disp,Publique,13401,,0,0,,0.0 RC0,18.6755,-71.9514,Dispensaire de conillon,NULL
Ouest,Cornillon,C/S de Saint Pierre,CSL,Publique,13402,,0,0,,0.0 RC0,18.6633,-71.86,C/S de Saint Pierre,NULL
Ouest,Fonds Verrettes,C/S de Fonds Verrettes,CSL,Publique,13501,,0,0,,0.0 RC0,18.3939,-71.854,C/S de Fonds Verrettes,NULL
Ouest,Fonds Verrettes,Dispensaire de Foret des Pins,Disp,Publique,13502,,0,0,,0.0 RC0,NULL,NULL,Dispensaire de Foret des Pins,NULL
Ouest,Fonds Verrettes,Dispensaire d’Orianie,CSL,privé,13503,,0,0,,0.0 RC0,18.3061,-71.8324,Dispensaire d’Orianie,NULL
Ouest,Arcahaie,Hopital Communautaire Nicolas Armand,CAL,Publique,14101,UGP MSPP,1,14,,15.1 (8,18.7716,-72.5131,Nicolas Armand,NULL
Ouest,Arcahaie,CAL d’Arcahaie,CAL,Publique,14102,,0,0,,0.0 RC0,NULL,NULL,CAL d’Arcahaie,NULL
Ouest,Arcahaie,SADA Matheux,CSL,privé,14103,PATHFINDER,1,66,67.47.161.145,16.1 (8,18.9244,-72.5869,SADA matheux,NULL
Ouest,Arcahaie,Dispensaire Notre Dame du Perpétuel Secours,Disp,privé,14104,,0,0,,0.0 RC0,18.8209,-72.5392,Dispensaire Notre Dame du Perpétuel Secours,NULL
Ouest,Arcahaie,Clinique Meres et Enfants,CSL,privé,14105,,0,0,,0.0 RC0,18.8197,-72.5667,Clinique Meres et Enfants,NULL
Ouest,Arcahaie,CSL Saint Paul de Montrouis,CSL,privé,14106,JHPIEGO,1,79,,16.2 te,18.97,-72.68,CSL St Paul (montrouis),NULL
Ouest,Arcahaie,CSL de Saintard,CSL,Publique,14107,MATHEUX,1,48,,0.0 RC0,18.9424,-72.7002,CSL de Saintard,NULL
Ouest,Cabaret,CSL de source matelas (SADA),CSL,privé,14201,,0,0,,0.0 RC0,18.7213,-72.3737,CSL de source matelas (SADA),NULL
Ouest,Cabaret,Centre de Santé de Cabaret,CSL,Publique,14202,UGP MSPP,1,21,,15.1 (8,18.7362,-72.419,CSL de Cabaret,NULL
Ouest,Cabaret,Centre de Santé de Cazale,CS,Public,14203,MATHEUX,1,49,,0.0 RC0,0,0,Dispensaire de Casale,NULL
Ouest,Cabaret,CSL de Bélanger (SADA),CSL,privé,14204,,0,0,,0.0 RC0,18.7323,-72.4417,CSL de Bélanger (SADA),NULL
Ouest,Cabaret,Centre de santé St Antoine de Titanyen,CSL,privé,14205,,1,0,,0.0 RC0,18.7119,-72.3448,Centre de santé St Antoine de Titanyen,NULL
Ouest,Cabaret,Centre Santé de l'Espoir,CS,privé,14206,MATHEUX,1,107,200.80.116.58,17.1 (1,0,0,NULL,NULL
Ouest,Cabaret,Centre de Sante de Saint-Gérard,CS,privé,14207,MATHEUX,1,51,,NULL,18.7137,-72.3774,NULL,NULL
Ouest,Anse à Galets,Disp. Trou Ligeune,Disp,Privé,15101,,0,0,,0.0 RC0,NULL,NULL,Disp. Trou Ligeune,NULL
Ouest,Anse à Galets,Disp. Bill-Rice,Disp,Privé,15102,,0,0,,0.0 RC0,18.7889,-72.8465,Disp. Bill-Rice,NULL
Ouest,Anse à Galets,Hôpital Wesleyen de la Gonave,Hopital,mixte,15103,GHESKIO,1,34,67.47.170.66,16.1 (8,18.8339,-72.8624,Hôpital Wesleyen de la Gonave,NULL
Ouest,Anse à Galets,Disp. Marsucrin,Disp,Privé,15104,,0,0,,0.0 RC0,18.7878,-72.946,Disp. Marsucrin,NULL
Ouest,Anse à Galets,Disp. Grande Source,Disp,Privé,15105,,0,0,,0.0 RC0,18.8217,-72.9569,Disp. Grande Source,NULL
Ouest,Pte à Raquette,Dispensaire la source,Disp,privé,15201,,0,0,,0.0 RC0,NULL,NULL,Dispensaire la source,NULL
Ouest,Pte à Raquette,Dispensaire de tamarin,Disp,privé,15202,,0,0,,0.0 RC0,18.907,-73.2019,Dispensaire de tamarin,NULL
Ouest,Pte à Raquette,Centre World Vision de gros mangle,Disp,privé,15203,,0,0,,0.0 RC0,NULL,NULL,Centre World Vision de gros mangle,NULL
Ouest,Pte à Raquette,Centre World Vision ti palmiste,Disp,privé,15204,,0,0,,0.0 RC0,18.8384,-73.0519,Centre World Vision ti palmiste,NULL
Ouest,Pte à Raquette,Dispensaire Saint-Louis,Disp,privé,15205,,0,0,,0.0 RC0,18.7855,-73.0634,Dispensaire Saint-Louis,NULL
Ouest,Pte à Raquette,Dispensaire méthodiste de source a Philippe,Disp,privé,15206,,0,0,,0.0 RC0,18.8193,-73.1227,Dispensaire méthodiste de source a Philippe,NULL
Sud-est,Jacmel,Hôpital Saint Michel de Jacmel,Hop,Publique,21100,ITECH,1,105,67.47.170.114,17.2 (1,18.24,-72.54,Hôpital St Michel de Jacmel,hsmjacmel
Sud-est,Jacmel,CSLdes Orangers,CSL,Publique,21101,,0,0,,0.0 RC0,NULL,NULL,CSLdes Orangers,NULL
Sud-est,Jacmel,CSL PROFAMIL,CSL,Privé,21102,,0,0,,0.0 RC0,NULL,NULL,CSL PROFAMIL,NULL
Sud-est,Jacmel,Dispensaire Cyvadier,Disp,Publique,21103,,0,0,,0.0 RC0,NULL,NULL,Dispensaire Cyvadier,NULL
Sud-est,Jacmel,Dispensaire La Montagne,Disp,Publique,21104,,0,0,,0.0 RC0,NULL,NULL,Dispensaire La Montagne,NULL
Sud-est,Jacmel,Dispensaire Marbial,Disp,Publique,21105,,0,0,,0.0 RC0,NULL,NULL,Dispensaire Marbial,NULL
Sud-est,Jacmel,Dispensaire La Montagne la Voûte,Disp,Publique,21106,,0,0,,0.0 RC0,NULL,NULL,Dispensaire La Montagne la Voûte,NULL
Sud-est,Jacmel,Dispensaire La Vanneau,Disp,Publique,21107,,0,0,,0.0 RC0,NULL,NULL,Dispensaire La Vanneau,NULL
Sud-est,Jacmel,Dispensaire Notre Dame de Lourdes,Disp,Privé,21108,,0,0,,0.0 RC0,NULL,NULL,Dispensaire Notre Dame de Lourdes,NULL
Sud-est,Jacmel,Dispensaire Bellevue la Montagne,Disp,Mixte,21109,,0,0,,0.0 RC0,18.1945,-72.5714,Dispensaire Bellevue la Montagne,NULL
Sud-est,Jacmel,Dispensaire Lafond,Disp,Publique,21110,,0,0,,0.0 RC0,NULL,NULL,Dispensaire Lafond,NULL
Sud-est,Jacmel,Centre de Fosref,CSL,Privé,21111,,0,0,,0.0 RC0,NULL,NULL,Centre de Fosref,NULL
Sud-est,Jacmel,Centre a lits Christian Martinez,CAL,Privé,21112,,0,0,,0.0 RC0,18.2339,-72.536,Centre a lits Christian Martinez,NULL
Sud-est,Jacmel,Dispensaire Marbial B,Disp,Privé,21113,,0,0,,0.0 RC0,NULL,NULL,Dispensaire Marbial,NULL
Sud-est,Marigot,Centre de Sante de Marigot,CSL,Publique,21201,UGP MSPP,1,23,,17.2 (1,18.2317,-72.3264,Centre de Sante de Marigot,NULL
Sud-est,Marigot,Dispensaire Peredo,Disp,Publique,21202,,0,0,,0.0 RC0,NULL,NULL,Dispensaire Peredo,NULL
Sud-est,Marigot,Dispensaire Seguin,Disp,Publique,21203,,0,0,,0.0 RC0,NULL,NULL,Dispensaire Seguin,NULL
Sud-est,Cayes Jacmel,Centre de Santé Cayes Jacmel,CSL,Publique,21301,ITECH,1,102,190.115.184.136,15.1 (8,18.2309,-72.3978,Centre de Santé Cayes Jacmel,NULL
Sud-est,Cayes Jacmel,Centre de sante Emmanuel Baptiste (Cayes Jacmel),CSL,Privé,21302,ICC,1,56,,15.1 (8,0,0,Centre de sante Emmanuel Baptiste,NULL
Sud-est,Cayes Jacmel,Dispensaire Cap Rouge,Disp,Publique,21303,,0,0,,0.0 RC0,NULL,NULL,Dispensaire Cap Rouge,NULL
Sud-est,La Vallée,Hôpital Saint Joseph de La Vallée de Jacmel,CAL,Mixte,21401,UGP MSPP,1,72,,16.1 (8,18.27,-72.67,Centre Saint Joseph de La Vallee de Jacmel,NULL
Sud-est,La Vallée,Dispensaire Morne a Brûler,Disp,Mixte,21402,,0,0,,0.0 RC0,NULL,NULL,Dispensaire Morne a Brûler,NULL
Sud-est,La Vallée,Dispensaire Amalia,Disp,Privé,21403,,0,0,,0.0 RC0,NULL,NULL,Dispensaire Amalia,NULL
Sud-est,Bainet,CAL de Bainet,CAL,Publique,22101,UGP MSPP,1,41,,16.1 (8,18.18,-72.76,CAL de Bainet,NULL
Sud-est,Bainet,Dispensaire Saurel,Disp,Publique,22102,,0,0,,0.0 RC0,NULL,NULL,Dispensaire Saurel,NULL
Sud-est,Bainet,Dispensaire Bahot *,Disp,Communautaire,22103,,0,0,,0.0 RC0,NULL,NULL,Dispensaire Bahot *,NULL
Sud-est,Cote de Fer,Centre a lits de Gris Gris,CAL,Mixte,22201,,0,0,,0.0 RC0,NULL,NULL,Centre a lits de Gris Gris,NULL
Sud-est,Cote de Fer,Dispensaire Saint Joseph de Cotes de Fer,Disp,Publique,22202,ICC,1,0,,16.2 (7,NULL,NULL,Dispensaire Saint Joseph,NULL
Sud-est,Cote de Fer,Dispensaire Boucan Bélier,Disp,Mixte,22203,,0,0,,0.0 RC0,NULL,NULL,Dispensaire Boucan Bélier,NULL
Sud-est,Belle Anse,Dispensaire Ricot,Disp,Mixte,22204,,0,0,,0.0 RC0,NULL,NULL,Dispensaire Ricot,NULL
Sud-est,Belle Anse,Centre sans lit Belle Anse,CSL,Publique,23101,,0,0,,0.0 RC0,NULL,NULL,Centre sans lit Belle Anse,NULL
Sud-est,Belle Anse,Dispensaire de Mapou,Disp,Publique,23102,,0,0,,0.0 RC0,NULL,NULL,Dispensaire de Mapou,NULL
Sud-est,Grand Gosier,Dispensaire Grand Gosier,Disp,Publique,23201,,0,0,,0.0 RC0,NULL,NULL,Dispensaire Grand Gosier,NULL
Sud-est,Grand Gosier,Dispensaire de Bodarie,Disp,Publique,23202,,0,0,,0.0 RC0,NULL,NULL,Dispensaire de Bodarie,NULL
Sud-est,Thiotte,Centre sans lit de Thiotte,CSL,Publique,23301,UGP MSPP,1,32,,16.1 (8,18.24,-71.86,Centre sans lit de Thiotte,NULL
Sud-est,Thiotte,Dispensaire Bleck,Disp,Privé,23302,,0,0,,0.0 RC0,18.2172,-71.8422,Dispensaire Bleck,NULL
Sud-est,Thiotte,Dispensaire Savane Zombi,Disp,Publique,23303,,0,0,,0.0 RC0,NULL,NULL,Dispensaire Savane Zombi,NULL
Sud-est,Thiotte,Dispensaire Mare Blanche*,Disp,Privé,23304,,0,0,,0.0 RC0,NULL,NULL,Dispensaire Mare Blanche*,NULL
Sud-est,Anse-a-Pitres,Centre sans lit des Anse-a-Pitres,CSL,Publique,23401,,0,0,,0.0 RC0,NULL,NULL,Centre sans lit des Anse-a-Pitres,NULL
Sud-est,Anse-a-Pitres,Dispensairede Banane,Disp,Publique,23402,,0,0,,0.0 RC0,NULL,NULL,Dispensairede Banane,NULL
Nord,Cap Haïtien,Hôpital Universitaire Justinien,Hôpital U,Publique,31100,UMiami,1,70,67.47.170.142,16.2 (7,19.7628,-72.2062,Hôpital Universitaire Justinien,justinien
Nord,Cap Haïtien,CDS La Fossette,CSL,Mixte,31101,URC,1,19,,17.2 (1,19.7535,-72.2057,CDS La Fossette,NULL
Nord,Cap Haïtien,Hôpital Fort Saint Michel,CSL,Publique,31102,UGP MSPP,1,12,67.47.170.146,17.2 (1,19.7411,-72.1941,CSL Fort St Michel,NULL
Nord,Cap Haïtien,Disp Notre Dame de Lourdes de Carénage,Disp,Mixte,31103,,0,0,,0.0 RC0,19.7649,-72.1973,Disp Notre Dame de Lourdes de Carénage,NULL
Nord,Cap Haïtien,Dispensaire de Labadie,Disp,Mixte,31104,,0,0,,0.0 RC0,19.749,-72.219,Dispensaire de Labadie,NULL
Nord,Cap Haïtien,"Dispensaire Sacre Coeur, Rue 2K",Disp,Mixte,31105,,0,0,,0.0 RC0,19.7549,-72.2052,"Dispensaire Sacre Coeur, Rue 2K",NULL
Nord,Cap Haïtien,"Dispensaire Solano SA, Labadie",Disp,Privé,31106,,0,0,,0.0 RC0,19.7861,-72.2435,"Dispensaire Solano SA, Labadie",NULL
Nord,Cap Haïtien,Dispensaire Notre Dame Ste Philomène,Disp,Privé,31107,,0,0,,0.0 RC0,19.7452,-72.2105,Dispensaire Notre Dame Ste Philomène,NULL
Nord,Cap Haïtien,CSL Madeline,CSL,Mixte,31108,,0,0,,0.0 RC0,19.7252,-72.1817,CSL Madeline,NULL
Nord,Cap Haïtien,CEMAD Petite Anse,Disp,Privé,31109,,0,0,,0.0 RC0,19.733,-72.1834,CEMAD Petite Anse,NULL
Nord,Cap Haïtien,"FOSREF, rue 16",Autre,Publique,31110,Non associée,1,0,,8.0 RC2,19.7595,-72.2002,"FOSREF, rue 16",NULL
Nord,Cap Haïtien,CARITAS,Autre,Mixte,31111,,0,0,,0.0 RC0,19.7516,-72.2029,CARITAS,NULL
Nord,Cap Haïtien,Hopital de l'OFATMA du Cap Haitien,Hopital,mixte,31120,N/A,1,113,,NULL,19.76,-72.2,NULL,NULL
Nord,Cap Haïtien,Prison Civile du Cap Haitien,CS,Public,31130,HTW,1,0,,17.1 (1,19.76,-72.2,NULL,NULL
Nord,Quartier Morin,Disp de Quartier Morin,Disp,Publique,31201,,0,0,,0.0 RC0,19.6975,-72.1578,Disp de Quartier Morin,NULL
Nord,Quartier Morin,Disp de Cadush,Disp,Publique,31202,,0,0,,0.0 RC0,19.642,-72.1812,Disp de Cadush,NULL
Nord,Quartier Morin,Disp de Morne Pelé,Disp,Privé,31203,,0,0,,0.0 RC0,NULL,NULL,Disp de Morne Pelé,NULL
Nord,Quartier Morin,Disp St Louis,Disp,Mixte,31204,,0,0,,0.0 RC0,19.6972,-72.1567,Disp St Louis,NULL
Nord,Quartier Morin,Ste Bernadette de Cadush,Disp,Privé,31205,,0,0,,0.0 RC0,NULL,NULL,Ste Bernadette de Cadush,NULL
Nord,Quartier Morin,Grand Pré,Disp,Privé,31206,,0,0,,0.0 RC0,19.6226,-72.1853,Grand Pré,NULL
Nord,Limonade,Dispensaire de Limonade,CSL,Mixte,31301,ICC,1,0,,15.1 (8,19.6695,-72.1261,Dispensaire de Limonade,NULL
Nord,Limonade,Dispensaire Bord de mer Limonade,Disp,Privé,31302,,0,0,,0.0 RC0,19.7275,-72.1191,Dispensaire Bord de mer Limonade,NULL
Nord,Acul du Nord,Nativité,CSL,Mixte,32101,,0,0,,0.0 RC0,19.6833,-72.3192,Nativité,NULL
Nord,Acul du Nord,Tovar,Disp,Privé,32102,,0,0,,0.0 RC0,19.6252,-72.2881,Tovar,NULL
Nord,Acul du Nord,Grison Garde (NF),Disp,Publique,32103,,0,0,,0.0 RC0,NULL,NULL,Grison Garde (NF),NULL
Nord,Acul du Nord,Disp de Pilatre,Disp,Privé,32104,,0,0,,0.0 RC0,19.7055,-72.3264,Disp de Pilatre,NULL
Nord,Acul du Nord,Disp de Camp Louise,Disp,Publique,32105,,0,0,,0.0 RC0,19.7476,-72.3479,Disp de Camp Louise,NULL
Nord,Acul du Nord,Dispensaire de Délivrance,Disp,Privé,32106,,0,0,,0.0 RC0,NULL,NULL,Dispensaire de Délivrance,NULL
Nord,Acul du Nord,Disp de Soufrière,Disp,Publique,32107,,0,0,,0.0 RC0,NULL,NULL,Disp de Soufrière,NULL
Nord,Acul du Nord,Disp de la Bruyère,Disp,Publique,32108,,0,0,,0.0 RC0,19.6391,-72.3078,Disp de la Bruyère,NULL
Nord,Plaine du Nord,Disp de Paine du Nord,Disp,Privé,32201,,0,0,,0.0 RC0,NULL,NULL,Disp de Paine du Nord,NULL
Nord,Plaine du Nord,Disp de Balan,CSL,Publique,32202,,0,0,,0.0 RC0,19.727,-72.2975,Disp de Balan,NULL
Nord,Plaine du Nord,Disp de Morne Rouge,Disp,Publique,32203,,0,0,,0.0 RC0,19.7105,-72.266,Disp de Morne Rouge,NULL
Nord,Plaine du Nord,Disp De Robillard,Disp,Publique,32204,,0,0,,0.0 RC0,19.6119,-72.26,Disp De Robillard,NULL
Nord,Plaine du Nord,Clinique Béthesda de Vaudreuil,CSL,Privé,32205,UGP MSPP,1,115,67.47.95.21,17.1 (1,19.7202,-72.2521,CSL Béthesda de Vaudreuil,NULL
Nord,Plaine du Nord,St Fr.de Sales,Disp,Privé,32206,,0,0,,0.0 RC0,19.7183,-72.2522,St Fr.de Sales,NULL
Nord,Plaine du Nord,Clinique Medico-Chirurgicale Dugue,CSL,Privé,32207,URC,1,86,67.47.170.97,17.1 (1,19.7071,-72.2781,Clin. François DUGUE,NULL
Nord,Plaine du Nord,CSL Jehova Jireh,CSL,Privé,32208,,0,0,,0.0 RC0,19.6774,-72.2709,CSL Jehova Jireh,NULL
Nord,Milot,Hôpital Sacre Coeur de Milot,Hop,Mixte,32301,CMMB,1,155,186.1.199.122,17.1 (1,19.6101,-72.2095,Hôpital Sacre Coeur de Milot,milot
Nord,Milot,Disp Carrefour des Pères,Disp,Publique,32302,,0,0,,0.0 RC0,19.6848,-72.2055,Disp Carrefour des Pères,NULL
Nord,Milot,Disp de Thibault,Disp,Mixte,32303,,0,0,,0.0 RC0,19.6332,-72.2272,Disp de Thibault,NULL
Nord,Milot,Disp St Yves de Thibault,Disp,Privé,32304,,0,0,,0.0 RC0,NULL,NULL,Disp St Yves de Thibault,NULL
Nord,Milot,La Providence de Lory,CSL,CSL,32305,,0,0,,0.0 RC0,19.6976,-72.2262,La Providence de Lory,NULL
Nord,Grande Rivière du Nord,Hôpital de La Grande Riviere du Nord,CAL,Mixte,33101,UGP MSPP,1,11,67.47.151.74,17.1 (1,19.579,-72.17,Hôpital de La Grande Riviere du Nord,NULL
Nord,Grande Rivière du Nord,Disp Méth. De la Tannerie,Disp,Privé,33102,,0,0,,0.0 RC0,NULL,NULL,Disp Méth. De la Tannerie,NULL
Nord,Bahon,Disp de Bahon,CSL,Mixte,33201,,0,0,,0.0 RC0,19.4695,-72.1142,Disp de Bahon,NULL
Nord,Saint Raphaël,CSL de St Raphaël,CSL,Mixte,34101,SSQH,1,109,,15.1 (8,19.44,-72.2,CSL de St Raphaël,NULL
Nord,Saint Raphaël,Dispensaire Saint Joseph de Saint Raphael,Disp,Privé,34102,ICC,1,0,,0.0 RC0,19.4364,-72.2004,St Joseph,NULL
Nord,Dondon,CSL de Dondon,CSL,Mixte,34201,,0,0,,0.0 RC0,19.5267,-72.2446,CSL de Dondon,NULL
Nord,Dondon,St Joseph,Disp,Privé,34202,,0,0,,0.0 RC0,19.5261,-72.2417,St Joseph,NULL
Nord,Ranquitte,CSL de Ranquitte,CSL,Mixte,34301,,0,0,,0.0 RC0,19.4106,-72.0828,CSL de Ranquitte,NULL
Nord,Ranquitte,Palmary,Disp,Privé,34302,,0,0,,0.0 RC0,19.4203,-72.0871,Palmary,NULL
Nord,Ranquitte,Disp Catholique,Disp,Privé,34303,,0,0,,0.0 RC0,19.413,-72.0785,Disp Catholique,NULL
Nord,Pignon,Hôpital Bienfaisance de Pignon,CAL,Mixte,34401,URC,1,17,190.115.191.192,17.1 (1,19.3397,-72.119,Hôpital Bienfaisance de Pignon,NULL
Nord,Pignon,St Joseph B,Disp,Privé,34402,,0,0,,0.0 RC0,19.3362,-72.1142,St Joseph,NULL
Nord,La Victoire,CSL La Victoire,CSL,Mixte,34501,,0,0,,0.0 RC0,19.3379,-72.024,CSL La Victoire,NULL
Nord,La Victoire,Dispensaire Saint Joseph,Disp,Privé,34502,,0,0,,0.0 RC0,NULL,NULL,Dispensaire Saint Joseph,NULL
Nord,Borgne,Alliance Santé de Borgne,CAL,Publique,35101,UGP MSPP,1,13,67.47.174.41,16.1 (8,19.84,-72.52,CAL de Borgne,NULL
Nord,Borgne,Disp de Petit Bourg Borgne,Disp,Publique,35102,,0,0,,0.0 RC0,19.8079,-72.5725,Disp de Petit Bourg Borgne,NULL
Nord,Borgne,Corpus Christi,Disp,Privé,35103,,0,0,,0.0 RC0,NULL,NULL,Corpus Christi,NULL
Nord,Port Margot,CSL de Port Margot,CSL,Mixte,35201,ICC,1,38,,17.1 (1,19.7511,-72.4295,CSL de Port Margot,NULL
Nord,Port Margot,Disp Petit Bourg de Port-Margot,Disp,Mixte,35202,,0,0,,0.0 RC0,19.7217,-72.4488,Disp Petit Bourg de Port-Margot,NULL
Nord,Port Margot,Disp de Bayeux,Disp,Mixte,35203,,0,0,,0.0 RC0,19.8084,-72.4336,Disp de Bayeux,NULL
Nord,Port Margot,Disp Malachy,Disp,Privé,35204,,0,0,,0.0 RC0,19.7507,-72.4282,Disp Malachy,NULL
Nord,Port Margot,Disp Wesleyen de Fauché,CAL,Privé,35205,,0,0,,0.0 RC0,19.737,-72.4303,Disp Wesleyen de Fauché,NULL
Nord,Port Margot,Disp Cath de Pt Bourg,Disp,Privé,35206,,0,0,,0.0 RC0,NULL,NULL,Disp Cath de Pt Bourg,NULL
Nord,Limbe,Hôpital Saint-Jean de Limbe,CAL,Mixte,36101,CMMB,1,75,67.47.153.74,17.1 (1,19.7074,-72.4018,CAL St Jean de Limbe,limbe
Nord,Limbe,Hopital Bon Samaritain,CAL,Privé,36102,ICC,1,39,,15.1 (8,19.6996,-72.4026,Hop Bon Samaritain,NULL
Nord,Limbe,Disp de Camp Coq,Disp,Publique,36103,,0,0,,0.0 RC0,19.6335,-72.4259,Disp de Camp Coq,NULL
Nord,Limbe,Disp Haut Limbe,Disp,Mixte,36104,,0,0,,0.0 RC0,19.6988,-72.3565,Disp Haut Limbe,NULL
Nord,Bas Limbe,Disp de Bas Limbé,Disp,Privé,36201,,0,0,,0.0 RC0,19.7802,-72.3797,Disp de Bas Limbé,NULL
Nord,Plaisance,CMP Progressio,CAL,Mixte,37101,ICC,1,0,,15.1 (8,19.5974,-72.4693,CMP Progressio,NULL
Nord,Plaisance,Disp de Gobert,Disp,Publique,37102,,0,0,,0.0 RC0,19.6297,-72.5061,Disp de Gobert,NULL
Nord,Plaisance,Disp La Trouble,Disp,Privé,37103,,0,0,,0.0 RC0,19.5669,-72.4427,Disp La Trouble,NULL
Nord,Plaisance,Disp St Henry de Puilboreau,Disp,Mixte,37104,,0,0,,0.0 RC0,19.539,-72.473,Disp St Henry de Puilboreau,NULL
Nord,Pilate,Hôpital Esperance de Pilate,CAL,Mixte,37201,CMMB,1,80,186.1.205.190,16.1 (8,19.6687,-72.5505,Hôpital Esperance de Pilate,pilate
Nord-est,Fort Liberté,Hôpital de Fort Liberté,Hopital,Mixte,41100,UGP MSPP,1,90,67.47.95.114,17.2 (1,19.6655,-71.841,Hôpital de Fort Liberté,fortliberte
Nord-est,Fort Liberté,Derac,Dispensaire,Mixte,41101,,0,0,,0.0 RC0,19.6611,-71.8132,Derac,NULL
Nord-est,Fort Liberté,Acul Samedi,Dispensaire,Mixte,41102,,0,0,,0.0 RC0,19.5204,-71.8816,Acul Samedi,NULL
Nord-est,Ouanaminthe,Centre Medico-Social de Ouanaminthe,CAL,Mixte,41201,URC,1,60,67.47.170.134,17.2 (1,19.6161,-71.7799,Centre Medico-Social de Ouanaminthe,ouanaminthe
Nord-est,Ouanaminthe,Dispensaire d’Acul des Pins,Dispensaire,Publique,41202,,0,0,,0.0 RC0,19.6699,-71.756,Dispensaire d’Acul des Pins,NULL
Nord-est,Ouanaminthe,Dispensaire de Gens de Nantes,Dispensaire,Privé,41203,,0,0,,0.0 RC0,NULL,NULL,Dispensaire de Gens de Nantes,NULL
Nord-est,Perches,Dispensaire de Perches,Dispensaire,Publique,41301,,0,0,,0.0 RC0,19.5216,-71.9221,Dispensaire de Perches,NULL
Nord-est,Capotille,Dispensaire de Capotille,Dispensaire,Mixte,42201,,0,0,,0.0 RC0,19.4475,-71.6982,Dispensaire de Capotille,NULL
Nord-est,Mont Organisé,CAL de Mont Organise,CAL,Mixte,42301,CDS,1,156,67.47.95.54,16.1 (8,19.4104,-71.7848,CAL de Mont Organise,NULL
Nord-est,Trou du Nord,CAL de Trou du Nord,CAL,Publique,43101,CDS,1,104,190.115.166.26,16.2 (7,19.6127,-72.0269,CAL de Trou du Nord,NULL
Nord-est,Trou du Nord,Dispensaire de Roche Plate,Dispensaire,Publique,43102,,0,0,,0.0 RC0,19.5561,-71.9756,Dispensaire de Roche Plate,NULL
Nord-est,Trou du Nord,CSL Jacquesyl,CSL,mixte,43103,SSQH,1,157,,15.1 (8,19.68,-71.99,NULL,NULL
Nord-est,Sainte Suzanne,Dispensaire de Sainte Suzanne,Dispensaire,mixte,43201,URC,1,0,,0.0 RC0,19.5842,-72.0883,Dispensaire de Sainte Suzanne,NULL
Nord-est,Sainte Suzanne,Dispensaire de Dupity,Dispensaire,Mixte,43202,,0,0,,0.0 RC0,19.4743,-72.0481,Dispensaire de Dupity,NULL
Nord-est,Terrier Rouge,CSL de Terrier Rouge,CSL,Mixte,43301,CDS,1,152,,17.2 (1,19.6369,-71.9534,CSL de Terrier Rouge,NULL
Nord-est,Terrier Rouge,CSL de Grand Bassin,CSL,Mixte,43302,,0,0,,0.0 RC0,19.578,-71.941,CSL de Grand Bassin,NULL
Nord-est,Terrier Rouge,Disp de Phaéton,Dispensaire,Publique,43303,,0,0,,0.0 RC0,19.6765,-71.8953,Disp de Phaéton,NULL
Nord-est,Terrier Rouge,Disp de Danda,Dispensaire,Privé,43304,,0,0,,0.0 RC0,19.5596,-71.8856,Disp de Danda,NULL
Nord-est,Caracol,Dispensaire Jacque,Dispensaire,Mixte,43401,N/A,1,0,,15.1 (8,19.68,-71.99,Dispensaire de Jacquezyl,NULL
Nord-est,Caracol,Disp de Caracol,Dispensaire,Publique,43402,,0,0,,0.0 RC0,19.6924,-72.0181,Disp de Caracol,NULL
Nord-est,Vallières,Dispensaire de Vallières,Dispensaire,Publique,44101,,0,0,,0.0 RC0,19.4351,-71.9207,Dispensaire de Vallières,NULL
Nord-est,Vallières,Dispensaire de Grosse Roche,Dispensaire,Publique,44102,,0,0,,0.0 RC0,19.4753,-71.9983,Dispensaire de Grosse Roche,NULL
Nord-est,Carice,Dispensaire de Carice,Dispensaire,Publique,44201,,0,0,,0.0 RC0,19.3777,-71.8365,Dispensaire de Carice,NULL
Nord-est,Carice,Dispensaire Sainte Hélène de Carice,Dispensaire,Privé,44202,,0,0,,0.0 RC0,19.3785,-71.83,Dispensaire Sainte Hélène de Carice,NULL
Nord-est,Mombin Crochu,Dispensaire de Bois de Laurence,Dispensaire,Publique,44301,,0,0,,0.0 RC0,19.3307,-71.8606,Dispensaire de Bois de Laurence,NULL
Nord-est,Mombin Crochu,CAL de Mombin Crochu,CAL,Mixte,44302,CDS,1,151,,16.1 (8,19.3686,-71.9852,CAL de Mombin Crochu,NULL
Artibonite,Gonaïves,Hôpital La Providence des Gonaives,Hôpital,Publique,51100,UGP MSPP,1,120,67.47.95.202,17.1 (1,19.45,-72.69,Hôpital La Providence des Gonaives,providence
Artibonite,Gonaïves,Bayonnais,Asile,Publique,51101,,0,0,,0.0 RC0,19.4752,-72.6665,Bayonnais,NULL
Artibonite,Gonaïves,Bayonnais B,Dispensaire,Publique,51102,,0,0,,0.0 RC0,19.4269,-72.5156,Bayonnais,NULL
Artibonite,Gonaïves,Labranle,Dispensaire,Privé,51103,,0,0,,0.0 RC0,19.4284,-72.5402,Labranle,NULL
Artibonite,Gonaïves,Clinique Dr Baudin,CAL,Privé,51104,,0,0,,0.0 RC0,19.6087,-72.6159,Clinique Dr Baudin,NULL
Artibonite,Gonaïves,Eben-Ezer/Belle Anse,CSL,Privé,51105,,0,0,,0.0 RC0,19.4538,-72.69,Eben-Ezer/Belle Anse,NULL
Artibonite,Gonaïves,CS K-Soleil,CSL,Publique,51106,ICC,1,24,,17.1 (1,19.4374,-72.6353,Ka-Soleil (NF),NULL
Artibonite,Gonaïves,Bon Berger/Bassin,CSL,Privé,51107,,0,0,,0.0 RC0,19.5382,-72.6956,Bon Berger/Bassin,NULL
Artibonite,Gonaïves,La Pierre (NF),Dispensaire,Mixte,51108,,0,0,,0.0 RC0,19.443,-72.695,La Pierre (NF),NULL
Artibonite,Gonaïves,CDI Raboteau,CAL,Publique,51109,URC,1,23,,13.2.4,19.4383,-72.6802,Raboteau (NF),NULL
Artibonite,Gonaïves,Trou Sable,Dispensaire,Privé,51110,,0,0,,0.0 RC0,19.5219,-72.6158,Trou Sable,NULL
Artibonite,Gonaïves,Poteau,Dispensaire,Communautaie,51111,,0,0,,0.0 RC0,19.4625,-72.7692,Poteau,NULL
Artibonite,Ennery,Toussaint Louverture,CSL,Privé,51201,,0,0,,0.0 RC0,19.482,-72.4813,Toussaint Louverture,NULL
Artibonite,Ennery,Passe Reine,Dispensaire,Publique,51202,,0,0,,0.0 RC0,19.5144,-72.5452,Passe Reine,NULL
Artibonite,Ennery,Savanne Carrée,Dispensaire,Publique,51203,,0,0,,0.0 RC0,19.4413,-72.4396,Savanne Carrée,NULL
Artibonite,Ennery,Clinique Saint-François d’Assise,Asile,Privé,51204,ICC,1,37,,15.1 (8,19.4847,-72.4837,St François d’Assise,NULL
Artibonite,L’Estère,La Croix Missionnaire,Dispensaire,Privé,51301,,0,0,,0.0 RC0,19.3048,-72.61,La Croix Missionnaire,NULL
Artibonite,L’Estère,L’Estère,Dispensaire,Publique,51302,,0,0,,0.0 RC0,19.3171,-72.5899,L’Estère,NULL
Artibonite,L’Estère,New Testament la Croix Perisse,CSL,Privé,51303,,0,0,,0.0 RC0,19.3527,-72.5829,New Testament la Croix Perisse,NULL
Artibonite,Gros Morne,Hôpital Alma Mater de Gros Morne,Hôpital,Mixte,52101,CMMB,1,25,67.47.160.222,17.1 (1,19.6694,-72.6808,Hôpital Alma Mater de Gros Morne,hopalmamater
Artibonite,Gros Morne,David 6e section,Dispensaire,Publique,52102,,0,0,,0.0 RC0,19.7111,-72.7386,David 6e section,NULL
Artibonite,Gros Morne,Pendu 5e section,Dispensaire,Privé,52103,,0,0,,0.0 RC0,19.7849,-72.735,Pendu 5e section,NULL
Artibonite,Gros Morne,Riv Mancelle 2e section,Dispensaire,Privé,52104,,0,0,,0.0 RC0,19.7202,-72.6199,Riv Mancelle 2e section,NULL
Artibonite,Gros Morne,SOS France 4e section,CSL,Privé,52105,,0,0,,0.0 RC0,19.6687,-72.6822,SOS France 4e section,NULL
Artibonite,Gros Morne,Treuil,Dispensaire,Privé,52106,,0,0,,0.0 RC0,19.7596,-72.6544,Treuil,NULL
Artibonite,Gros Morne,Moulin,Dispensaire,Communautare,52107,,0,0,,0.0 RC0,19.6509,-72.7159,Moulin,NULL
Artibonite,Gros Morne,Verneille,Dispensaire,Privé,52109,,0,0,,0.0 RC0,19.7595,-72.6751,Verneille,NULL
Artibonite,Gros Morne,Clinique mennonite Carnifice,CSL,Privé,52114,ICC,1,0,0,15.1 (8,19.7156,-72.6988,NULL,NULL
Artibonite,Anse Rouge,Cal Anse Rouge,CAL,Publique,52301,N/A,1,81,,0.0 RC0,19.63,-73.06,Cal Anse Rouge,NULL
Artibonite,Anse Rouge,Dispens. Coridon,Dispensaire,Publique,52302,N/A,0,0,,0.0 RC0,19.56,-72.9011,Dispens. Coridon,NULL
Artibonite,Anse Rouge,Dispens. Figuier,Dispensaire,Privé,52303,N/A,0,0,,0.0 RC0,19.602,-72.8902,Dispens. Figuier,NULL
Artibonite,Anse Rouge,Disp. Illodep,Dispensaire,Privé,52304,N/A,0,0,,0.0 RC0,19.6006,-72.9539,Disp. Illodep,NULL
Artibonite,Anse Rouge,Disp. Plaine de l’Arbre,Dispensaire,Publique,52305,N/A,0,0,,0.0 RC0,19.6668,-73.022,Disp. Plaine de l’Arbre,NULL
Artibonite,Anse Rouge,Disp. Sources Chaudes,Dispensaire,Publique,52306,N/A,0,0,,0.0 RC0,19.6363,-72.9164,Disp. Sources Chaudes,NULL
Artibonite,Anse Rouge,Disp. Tanté,Dispensaire,Commun.,52307,N/A,0,0,,0.0 RC0,19.7173,-72.9454,Disp. Tanté,NULL
Artibonite,Anse Rouge,Disp. Atrel,Dispensaire,Commun.,52308,N/A,0,0,,0.0 RC0,19.638,-72.9151,Disp. Atrel,NULL
Artibonite,Saint Marc,Hopital Saint Nicolas de Saint Marc,Hôpital,Publique,53101,PIH,1,106,,0.0 RC0,19.1134,-72.699,Saint Nicolas,NULL
Artibonite,Saint Marc,Chardene,Dispensaire,Communautaire,53102,,0,0,,0.0 RC0,19.049,-72.7148,Chardene,NULL
Artibonite,Saint Marc,Charrettes,Dispensaire,Communautaire,53103,,0,0,,0.0 RC0,19.0802,-72.675,Charrettes,NULL
Artibonite,Saint Marc,Goyavier,Dispensaire,Communautaire,53104,,0,0,,0.0 RC0,NULL,NULL,Goyavier,NULL
Artibonite,Saint Marc,Gresseau,Dispensaire,Communautaire,53105,,0,0,,0.0 RC0,18.9828,-72.6461,Gresseau,NULL
Artibonite,Saint Marc,Jeanton,Dispensaire,Communautaire,53106,,0,0,,0.0 RC0,19.0753,-72.7088,Jeanton,NULL
Artibonite,Saint Marc,Montrouis,Dispensaire,Publique,53107,,0,0,,0.0 RC0,NULL,NULL,Montrouis,NULL
Artibonite,Saint Marc,Centre de Sante Pierre Payen,CAL,Privé,53108,URC,1,111,,16.1 (8,18.9972,-72.7379,Pierre Payen,NULL
Artibonite,Saint Marc,Pont Sondé,Dispensaire,Publique,53109,,0,0,,0.0 RC0,19.1488,-72.617,Pont Sondé,NULL
Artibonite,Saint Marc,Bocozelle,Dispensaire,Mixte,53110,,0,0,,0.0 RC0,19.2069,-72.6405,Bocozelle,NULL
Artibonite,Saint Marc,Gervais,Dispensaire,Privé,53111,,0,0,,0.0 RC0,19.2378,-72.7188,Gervais,NULL
Artibonite,Saint Marc,Gilbert,Dispensaire,Privé,53112,,0,0,,0.0 RC0,19.0675,-72.6152,Gilbert,NULL
Artibonite,Saint Marc,Terre Blanche,Dispensaire,Communautaire,53113,,0,0,,0.0 RC0,19.0707,-72.681,Terre Blanche,NULL
Artibonite,Saint Marc,St Laurent/Barbe,Dispensaire,Communautaire,53114,,0,0,,0.0 RC0,19.094,-72.6551,St Laurent/Barbe,NULL
Artibonite,Saint Marc,SSPE,Dispensaire,Publique,53115,,0,0,,0.0 RC0,19.1066,-72.7027,SSPE,NULL
Artibonite,Saint Marc,RSCH,Dispensaire,Communautaire,53116,,0,0,,0.0 RC0,19.1651,-72.636,RSCH,NULL
Artibonite,Saint Marc,Centre Lakay Saint-Marc,CSL,CSL,53132,FOSREF,1,0,,17.1 (1,0,0,NULL,NULL
Artibonite,Verrettes,Albert Schweitzer,Hôpital,Privé,53201,CRS,0,0,,0.0 RC0,19.0745,-72.4914,Albert Schweitzer,NULL
Artibonite,Verrettes,Barbe,Dispensaire,Publique,53202,,0,0,,0.0 RC0,NULL,NULL,Barbe,NULL
Artibonite,Verrettes,Bastien,Dispensaire,Privé,53203,,0,0,,0.0 RC0,19.0459,-72.5241,Bastien,NULL
Artibonite,Verrettes,Desarmes,CSL,Mixte,53204,,0,0,,0.0 RC0,18.9928,-72.3892,Desarmes,NULL
Artibonite,Verrettes,Deschapelles,Dispensaire,Privé,53205,,0,0,,0.0 RC0,19.0818,-72.4952,Deschapelles,NULL
Artibonite,Verrettes,Dumarsais Estimé,CAL,Publique,53206,,0,0,,0.0 RC0,19.0506,-72.4671,Dumarsais Estimé,NULL
Artibonite,Verrettes,Gabriel,Dispensaire,Privé,53207,,0,0,,0.0 RC0,19.0159,-72.4595,Gabriel,NULL
Artibonite,Verrettes,Liancourt,Dispensaire,Privé,53208,,0,0,,0.0 RC0,19.1272,-72.5351,Liancourt,NULL
Artibonite,La Chapelle,La Chapelle,CSL,Mixte,53301,,0,0,,0.0 RC0,18.914,-72.3164,La Chapelle,NULL
Artibonite,Dessalines,Hôpital Claire Heureuse,Hôpital,Mixte,54101,URC,1,101,67.47.95.97,17.1 (1,19.2632,-72.5163,Claire Heureuse,NULL
Artibonite,Dessalines,Pelissier/ Laraque,Dispensaire,Privé,54102,,0,0,,0.0 RC0,NULL,NULL,Pelissier/ Laraque,NULL
Artibonite,Dessalines,La Croix,Dispensaire,Privé,54103,,0,0,,0.0 RC0,19.1936,-72.3292,La Croix,NULL
Artibonite,Dessalines,Celio,Dispensaire,Privé,54104,N/A,0,0,,0.0 RC0,19.1645,-72.3624,Celio,NULL
Artibonite,Dessalines,Niel,Dispensaire,Privé,54105,,0,0,,0.0 RC0,19.2345,-72.5274,Niel,NULL
Artibonite,Dessalines,Poste Pierrot,Dispensaire,Privé,54106,,0,0,,0.0 RC0,19.204,-72.457,Poste Pierrot,NULL
Artibonite,Dessalines,Coupe à l’Inde,Dispensaire,Privé,54107,N/A,0,0,,0.0 RC0,19.2789,-72.4663,Coupe à l’Inde,NULL
Artibonite,Dessalines,Sanoix,Dispensaire,Privé,54108,,0,0,,0.0 RC0,19.2222,-72.5816,Sanoix,NULL
Artibonite,Dessalines,Deseaux,Dispensaire,Mixte,54109,N/A,0,0,,0.0 RC0,19.2565,-72.5822,Deseaux,NULL
Artibonite,Dessalines,Grande Hatte,Dispensaire,Privé,54110,N/A,0,0,,0.0 RC0,19.1428,-72.433,Grande Hatte,NULL
Artibonite,Dessalines,Dispensaire Sainte Claire d’Assise,Dispensaire,Privé,54111,ICC,1,36,,17.1 (1,19.2592,-72.5161,Sanie Claire d’Assise,NULL
Artibonite,Dessalines,Chenot,Dispensaire,Privé,54112,N/A,0,0,,0.0 RC0,19.1564,-72.3239,Chenot,NULL
Artibonite,Dessalines,Ogé,Dispensaire,Privé,54113,,0,0,,0.0 RC0,19.1976,-72.4939,Ogé,NULL
Artibonite,Dessalines,Hatte Chevreau,Dispensaire,Privé,54114,N/A,0,0,,0.0 RC0,19.2882,-72.5791,Hatte Chevreau,NULL
Artibonite,Petite Rivière,Charles Colimon,CAL,Publique,54201,,0,0,,0.0 RC0,19.1215,-72.4751,Charles Colimon,NULL
Artibonite,Petite Rivière,Deslandes,Dispensaire,Privé,54202,,0,0,,0.0 RC0,18.9479,-72.3142,Deslandes,NULL
Artibonite,Petite Rivière,Mauger,Dispensaire,Publique,54203,,0,0,,0.0 RC0,19.1611,-72.5659,Mauger,NULL
Artibonite,Petite Rivière,Deslandes B,Dispensaire,Privé,54204,,0,0,,0.0 RC0,19.1574,-72.5294,Deslandes,NULL
Artibonite,Petite Rivière,Perodin,Dispensaire,Privé,54205,,0,0,,0.0 RC0,19.1075,-72.3014,Perodin,NULL
Artibonite,Petite Rivière,Plassac,Dispensaire,Privé,54206,,0,0,,0.0 RC0,19.0613,-72.4052,Plassac,NULL
Artibonite,Petite Rivière,Savanne à Roche,Dispensaire,Mixte,54207,,0,0,,0.0 RC0,19.0118,-72.3669,Savanne à Roche,NULL
Artibonite,Petite Rivière,Segur,Dispensaire,Publique,54208,,0,0,,0.0 RC0,NULL,NULL,Segur,NULL
Artibonite,Petite Rivière,Jean Denis,Dispensaire,Communautare,54209,,0,0,,0.0 RC0,19.1848,-72.5428,Jean Denis,NULL
Artibonite,Grande Saline,Drouin,Dispensaire,Publique,54301,,0,0,,0.0 RC0,19.2561,-72.6897,Drouin,NULL
Artibonite,Grande Saline,Grande Saline,Dispensaire,Publique,54302,,0,0,,0.0 RC0,NULL,NULL,Grande Saline,NULL
Artibonite,Grande Saline,Poteneau,Dispensaire,Mixte,54303,,0,0,,0.0 RC0,19.237,-72.6416,Poteneau,NULL
Artibonite,Desdunes,CSL St Pierre,Dispensaire,Publique,54401,N/A,0,0,,0.0 RC0,19.2841,-72.6348,CSL St Pierre,NULL
Artibonite,Desdunes,Disp. Descahos,CSL,Publique,54402,N/A,0,0,,0.0 RC0,19.3011,-72.6504,Disp. Descahos,NULL
Artibonite,Desdunes,Disp. Aux Sources,Dispensaire,Commun.,54403,N/A,0,0,,0.0 RC0,19.3301,-72.6757,Disp. Aux Sources,NULL
Artibonite,Marmelade,Centre de Santé de Marmelade,CSL,Publique,55101,URC,1,26,,17.1 (1,19.3762,-72.3367,CSL,NULL
Artibonite,Saint Michel de l’Attalaye,Centre de Promotion de Sante,CSL,Publique,55111,,1,52,,NULL,19.31,-72.28,NULL,NULL
Artibonite,Saint Michel de l’Attalaye,Centre Santé de Saint Michel de l’Attalaye,Hôpital,Publique,55201,,1,27,,16.1 (8,19.5168,-72.3602,Saint Michel de l’Attalaye,NULL
Artibonite,Saint Michel de l’Attalaye,Lalomas,Dispensaire,Public,55202,,0,0,,0.0 RC0,NULL,NULL,Lalomas,NULL
Artibonite,Saint Michel de l’Attalaye,Marmont/Nan Paul,Dispensaire,Publique,55203,,0,0,,0.0 RC0,NULL,NULL,Marmont/Nan Paul,NULL
Artibonite,Saint Michel de l’Attalaye,Gade Baptiste,Dispensaire,Publique,55204,,0,0,,0.0 RC0,NULL,NULL,Gade Baptiste,NULL
Artibonite,Saint Michel de l’Attalaye,Bas de Sault,Dispensaire,Communautare,55205,,0,0,,0.0 RC0,NULL,NULL,Bas de Sault,NULL
Artibonite,Saint Michel de l’Attalaye,L’Ermite,Dispensaire,Communautre,55206,,0,0,,0.0 RC0,NULL,NULL,L’Ermite,NULL
Artibonite,Saint Michel de l’Attalaye,Camathe,CSL,Privé,55207,,0,0,,0.0 RC0,NULL,NULL,Camathe,NULL
Centre,Hinche,Hôpital Sainte Thérèse,Hop,Publique,61100,,0,0,,0.0 RC0,19.1381,-72.014,Hôpital Sainte Thérèse,NULL
Centre,Hinche,Centre de Sante de Marmont,CAL,Publique,61101,,1,61,,17.1 (1,19.06,-71.98,Disoensaire de Marmont,NULL
Centre,Hinche,Dispensaire la Belle Onde,Disp,Publique,61102,,0,0,,0.0 RC0,19.1713,-72.0578,Dispensaire la Belle Onde,NULL
Centre,Hinche,Dispensaire de Dos Palais (NF),Disp,Mixte,61103,,0,0,,0.0 RC0,NULL,NULL,Dispensaire de Dos Palais (NF),NULL
Centre,Hinche,Dispensaire des Abricots,Disp,Privé,61104,,0,0,,0.0 RC0,19.0627,-72.0831,Dispensaire des Abricots,NULL
Centre,Hinche,Dispensaire de Los Palma (NF),Disp,Privé,61105,,0,0,,0.0 RC0,19.1417,-71.94,Dispensaire de Los Palma (NF),NULL
Centre,Hinche,Clinique de l’incarnation de Pandiasou,CSL,Privé,61106,,0,0,,0.0 RC0,19.127,-72.0572,Clinique de l’incarnation de Pandiasou,NULL
Centre,Hinche,Prison Civile de Hinche,CS,Public,61120,HTW,1,0,,17.1 (1,19.14,-72.01,NULL,NULL
Centre,Maïssade,Centre de Santé sans Lit de Maïssade,CSL,Mixte,61201,,1,58,,0.0 RC0,19.18,-72.14,Centre de Santé sans Lit de Maïssade,NULL
Centre,Maïssade,Dispensaire de Bois Rouge,Disp,Privé,61202,,0,0,,0.0 RC0,19.1058,-72.2001,Dispensaire de Bois Rouge,NULL
Centre,Maïssade,Dispensaire Bassin Cave (NF),Disp,Privé,61203,,0,0,,0.0 RC0,19.2371,-72.1722,Dispensaire Bassin Cave (NF),NULL
Centre,Maïssade,Dispensaire de Selpètre,Disp,Privé,61204,,0,0,,0.0 RC0,19.1511,-72.1662,Dispensaire de Selpètre,NULL
Centre,Maïssade,Dispensaire Cinquième,Disp,Privé,61205,,0,0,,0.0 RC0,19.2084,-72.2264,Dispensaire Cinquième,NULL
Centre,Maïssade,Dispensaire Hatty (NF),Disp,Privé,61206,,0,0,,0.0 RC0,19.167,-72.2223,Dispensaire Hatty (NF),NULL
Centre,Thomonde,Centre de Santé de Thomonde,Disp,Mixte,61301,,0,0,,0.0 RC0,19.0262,-71.9696,Centre de Santé de Thomonde,NULL
Centre,Cerca Cavajal,Dispensaire de Cerca Cavajal,Disp,Publique,61401,,0,0,,0.0 RC0,19.2708,-71.9424,Dispensaire de Cerca Cavajal,NULL
Centre,Cerca Cavajal,Dispensaire de Basin Zim,Disp,Publique,61402,,0,0,,0.0 RC0,NULL,NULL,Dispensaire de Basin Zim,NULL
Centre,Cerca Cavajal,Dispensaire de Montegrande,Disp,Publique,61403,,0,0,,0.0 RC0,NULL,NULL,Dispensaire de Montegrande,NULL
Centre,Cerca Cavajal,Dispensaire de Los Palis,Disp,Mixte,61404,,0,0,,0.0 RC0,NULL,NULL,Dispensaire de Los Palis,NULL
Centre,Cerca Cavajal,Dispensaire Bon Samaritain,Disp,Privé,61405,,0,0,,0.0 RC0,NULL,NULL,Dispensaire Bon Samaritain,NULL
Centre,Cerca Cavajal,Dispensaire d’Angoman,Disp,Privé,61406,,0,0,,0.0 RC0,NULL,NULL,Dispensaire d’Angoman,NULL
Centre,Cerca Cavajal,Centre de Santé Farnèse Louis Jeune,Disp,Privé,61407,,0,0,,0.0 RC0,NULL,NULL,Centre de Santé Farnèse Louis Jeune,NULL
Centre,Mirebalais,Dispensaire de Sarazin,Disp,Publique,62101,,0,0,,0.0 RC0,18.798,-72.001,Dispensaire de Sarazin,NULL
Centre,Mirebalais,Hôpital Eye Care,Hop,Mixte,62102,,0,0,,0.0 RC0,18.837,-72.1134,Hôpital Eye Care,NULL
Centre,Mirebalais,Clinique Mennonite,CSL,Mixte,62103,,0,0,,0.0 RC0,18.8344,-72.0996,Clinique Mennonite,NULL
Centre,Mirebalais,Dispensaire Marché Canard,Disp,Privé,62104,URC,1,0,,8.0 RC2,18.7756,-72.0322,Dispensaire Marché Canard,NULL
Centre,Mirebalais,Dispensaire Grand Boucan (NF),Disp,Privé,62105,,0,0,,0.0 RC0,NULL,NULL,Dispensaire Grand Boucan (NF),NULL
Centre,Mirebalais,Dispensaire Fonds Michel,Disp,Privé,62106,,0,0,,0.0 RC0,NULL,NULL,Dispensaire Fonds Michel,NULL
Centre,Saut d’Eau,Centre de Santé sans Lit de Saut d’Eau,CSL,Publique,62201,,0,0,,0.0 RC0,18.8164,-72.1974,Centre de Santé sans Lit de Saut d’Eau,NULL
Centre,Saut d’Eau,Dispensaire Montagne Terrible,Disp,Privé,62202,,0,0,,0.0 RC0,18.8072,-72.2683,Dispensaire Montagne Terrible,NULL
Centre,Saut d’Eau,Dispensaire Cap Anamur (NF),Disp,Privé,62203,,0,0,,0.0 RC0,NULL,NULL,Dispensaire Cap Anamur (NF),NULL
Centre,Boucan Carré,Dispensaire de Boucan Carré,Disp,Publique,62301,,0,0,,0.0 RC0,18.9192,-72.1403,Dispensaire de Boucan Carré,NULL
Centre,Boucan Carré,Centre de Santé avec Lits Saint Esprit,CAL,Mixte,62302,,0,0,,0.0 RC0,18.9155,-72.0845,Centre de Santé avec Lits Saint Esprit,NULL
Centre,Boucan Carré,Centre de Santé avec lits de Cange,CAL,Mixte,62303,,0,0,,0.0 RC0,NULL,NULL,Centre de Santé avec lits de Cange,NULL
Centre,Lascaobas,Centre de Santé sans Lit de Lascaobas,CSL,Publique,63101,,0,0,,0.0 RC0,18.8101,-71.9491,Centre de Santé sans Lit de Lascaobas,NULL
Centre,Lascaobas,Dispensaire la Hoye,Disp,Publique,63102,,0,0,,0.0 RC0,18.8309,-71.9357,Dispensaire la Hoye,NULL
Centre,Lascaobas,Dispensaire Pareidon (NF),Disp,Privé,63103,,0,0,,0.0 RC0,NULL,NULL,Dispensaire Pareidon (NF),NULL
Centre,Lascaobas,Dispensaire Caste,Disp,Privé,63104,,0,0,,0.0 RC0,18.9354,-71.9072,Dispensaire Caste,NULL
Centre,Belladère,Hôpital Notre Dame de la Nativité,Hop,Publique,63201,,0,0,,0.0 RC0,18.8675,-71.7618,Hôpital Notre Dame de la Nativité,NULL
Centre,Belladère,Dispensaire de Croix de fer,Disp,Publique,63202,,0,0,,0.0 RC0,18.8541,-71.8153,Dispensaire de Croix de fer,NULL
Centre,Belladère,Dispensaire de Roy Sec,Disp,Publique,63203,,0,0,,0.0 RC0,18.8928,-71.8386,Dispensaire de Roy Sec,NULL
Centre,Belladère,Dispensaire Baptiste,Disp,Publique,63204,,0,0,,0.0 RC0,18.7981,-71.7832,Dispensaire Baptiste,NULL
Centre,Savanette,Centre de Santé de Savanette,CSL,Publique,63301,,0,0,,0.0 RC0,18.745,-71.8218,Centre de Santé de Savanette,NULL
Centre,Savanette,Dispensaire de Colombier,Disp,Publique,63302,,0,0,,0.0 RC0,18.745,-71.821,Dispensaire de Colombier,NULL
Centre,Cerca La Source,Centre de Santé Nan Cajou,CSL,Publique,64101,,0,0,,0.0 RC0,19.1631,-71.7899,Centre de Santé Nan Cajou,NULL
Centre,Cerca La Source,Dispensaire de Saltadère,Disp,Privé,64102,,0,0,,0.0 RC0,19.1339,-71.7324,Dispensaire de Saltadère,NULL
Centre,Cerca La Source,Dispensaire de Baltazar (NF),Disp,Privé,64103,,0,0,,0.0 RC0,NULL,NULL,Dispensaire de Baltazar (NF),NULL
Centre,Cerca La Source,Dispensaire de Pacasse (NF),Disp,Privé,64104,,0,0,,0.0 RC0,NULL,NULL,Dispensaire de Pacasse (NF),NULL
Centre,Cerca La Source,Dispensaire Ti Lory,Disp,Privé,64105,,0,0,,0.0 RC0,19.2318,-71.6821,Dispensaire Ti Lory,NULL
Centre,Thomassique,Dispensaire de Boc Banic,Disp,Publique,64201,,0,0,,0.0 RC0,19.0511,-71.7506,Dispensaire de Boc Banic,NULL
Centre,Thomassique,Clinique Saint Joseph de Thomassique,CAL,mixte,64202,,1,69,,0.0 RC0,19.09,-71.83,Dispensaire de Thomassique,NULL
Sud,Cayes,Hôpital Immaculée Conception des Cayes,Hop,Publique,71100,GHESKIO,1,10,67.46.131.174,17.1 (1,18.1935,-73.751,Hôpital Immaculée Conception des Cayes,hiccayes
Sud,Cayes,I. O. Brenda,Hop,Mixte,71101,,0,0,,0.0 RC0,18.1955,-73.7578,I. O. Brenda,NULL
Sud,Cayes,Sanatorium,Hop,Publique,71102,,0,0,,0.0 RC0,18.2223,-73.7454,Sanatorium,NULL
Sud,Cayes,Citymed,CAL,Pri,71103,,0,0,,0.0 RC0,18.1922,-73.7524,Citymed,NULL
Sud,Cayes,Centre de Sante Lumiere (FINCA),CAL,Mixte,71104,URC,1,140,67.46.132.253,16.2 (7,18.2285,-73.7614,Centre de Sante Lumiere (FINCA),finca
Sud,Cayes,Klinik Lafanmy,CSL,Mixte,71105,,0,0,,0.0 RC0,18.1945,-73.7492,Klinik Lafanmy,NULL
Sud,Cayes,Centre de Santé Quatre Chemins,CSL,Publique,71106,UGP MSPP,1,31,,15.1 (8,18.2009,-73.7537,Quatre Chemins,NULL
Sud,Cayes,Dispensaire Sacre-Coeur de Charpentier,Disp,Mixte,71107,UGP MSPP,1,0,,15.1 (8,18.3007,-73.7614,Charpentier,NULL
Sud,Cayes,LKTMBD,Disp,Mixte,71108,,0,0,,0.0 RC0,NULL,NULL,LKTMBD,NULL
Sud,Cayes,Laborde,Disp,Mixte,71109,,0,0,,0.0 RC0,18.2822,-73.8033,Laborde,NULL
Sud,Cayes,Colette,Disp,Publique,71110,,0,0,,0.0 RC0,18.1931,-73.7778,Colette,NULL
Sud,Cayes,Laurent,Disp,Publique,71112,,0,0,,0.0 RC0,18.234,-73.8027,Laurent,NULL
Sud,Cayes,Fonfred,Disp,Publique,71113,,0,0,,0.0 RC0,18.2688,-73.7759,Fonfred,NULL
Sud,Cayes,World Vision,Disp,Pri,71114,,0,0,,0.0 RC0,NULL,NULL,World Vision,NULL
Sud,Cayes,Terre des Hommes,CAL,Pri,71115,,0,0,,0.0 RC0,18.1992,-73.7587,Terre des Hommes,NULL
Sud,Cayes,FORSREF,CS,Pri,71116,,0,0,,0.0 RC0,18.1945,-73.7436,FORSREF,NULL
Sud,Cayes,Missionnaires de la Charite du Sud,CSL,Privé,71117,ICC,1,0,0,0.0 RC0,18.2138,-73.7511,NULL,NULL
Sud,Cayes,Prison Civile des Cayes,CS,Public,71130,HTW,1,0,,15.1 (8,18.3,-73.76,NULL,NULL
Sud,Cayes,Hopital Ofatma des Cayes,Hopital,Publique,71165,N/A,1,68,,15.1 (8,0,0,NULL,NULL
Sud,Torbeck,Maison de Naissance,CAL,Pri,71201,UGP MSPP,1,0,,15.1 (8,18.1972,-73.8266,Maison de Naissance,NULL
Sud,Torbeck,Saint joseph,Disp,Publique,71202,,0,0,,0.0 RC0,NULL,NULL,Saint joseph,NULL
Sud,Torbeck,Ducis,Disp,Mixte,71203,,0,0,,0.0 RC0,18.2346,-73.8877,Ducis,NULL
Sud,Torbeck,Maillard,Disp,Pri,71204,,0,0,,0.0 RC0,18.1727,-73.8323,Maillard,NULL
Sud,Torbeck,Béraud,Disp,Publique,71205,,0,0,,0.0 RC0,18.2054,-73.8598,Béraud,NULL
Sud,Torbeck,Ferme Leblanc,Disp,Publique,71206,,0,0,,0.0 RC0,18.2879,-73.8838,Ferme Leblanc,NULL
Sud,Chantal,Dispensaire Mic de Chantal,Disp,Mixte,71301,UGP MSPP,1,32,,16.1 (8,18.203,-73.889,Chantal,NULL
Sud,Chantal,Lepretre,Disp,Mixte,71302,,0,0,,0.0 RC0,NULL,NULL,Lepretre,NULL
Sud,Camp-Perrin,Hôpital Sainte-Anne de Camp-Perrin,CAL,Publique,71401,UGP MSPP,1,181,,17.1 (1,18.3127,-73.8658,Hôpital Sainte-Anne de Camp-Perrin,NULL
Sud,Camp-Perrin,Mazenod,Disp,Mixte,71402,,0,0,,0.0 RC0,18.3294,-73.8532,Mazenod,NULL
Sud,Camp-Perrin,Guichard,Disp,Mixte,71403,,0,0,,0.0 RC0,18.2955,-73.8289,Guichard,NULL
Sud,Camp-Perrin,Mersan,Disp,Publique,71404,,0,0,,0.0 RC0,18.281,-73.8439,Mersan,NULL
Sud,Camp-Perrin,Rhé,Disp,Publique,71405,,0,0,,0.0 RC0,NULL,NULL,Rhé,NULL
Sud,Maniche,Maniche,Disp,Mixte,71501,,0,0,,0.0 RC0,18.3451,-73.7779,Maniche,NULL
Sud,Maniche,Dory,Disp,Mixte,71502,,0,0,,0.0 RC0,18.3559,-73.723,Dory,NULL
Sud,Maniche,Melon,Disp,Mixte,71503,,0,0,,0.0 RC0,18.3533,-73.7732,Melon,NULL
Sud,Ile a Vache,CS Ile à Vache,CSL,Publique,71601,,1,0,,0.0 RC0,18.08,-73.65,Ile à Vache,NULL
Sud,Port Salut,HCR de Port Salut,HCR,Publique,72101,UGP MSPP,1,46,,17.1 (1,18.1099,-73.9392,HCR de Port Salut,NULL
Sud,Port Salut,Dumont,Disp,Publique,72102,,0,0,,0.0 RC0,18.0601,-73.885,Dumont,NULL
Sud,Port Salut,Carpentier,Disp,Publique,72103,,0,0,,0.0 RC0,18.1321,-73.9471,Carpentier,NULL
Sud,Port Salut,Klinik timoun nou yo (KTNY),Dispensaire,Publique,72133,Non associée,1,76,72.15.233.120,13.1 (6,0,0,NULL,NULL
Sud,Saint Jean du Sud,St Jean,CSL,Publique,72201,,0,0,,0.0 RC0,18.0763,-73.8125,St Jean,NULL
Sud,Saint Jean du Sud,Carrefour Joute,Disp,Publique,72202,,0,0,,0.0 RC0,18.115,-73.8521,Carrefour Joute,NULL
Sud,Arniquet,Arniquet,Disp,Publique,72301,,0,0,,0.0 RC0,18.1453,-73.875,Arniquet,NULL
Sud,Arniquet,Chateau,Disp,Publique,72302,,0,0,,0.0 RC0,18.1739,-73.9165,Chateau,NULL
Sud,Aquin,HCR d'Aquin,HCR,Publique,73101,UGP MSPP,1,47,,15.1 (8,18.3112,-73.1929,HCR d'Aquin,NULL
Sud,Aquin,CS La Colline,CAL,Mixte,73102,,0,0,,0.0 RC0,18.3081,-73.2463,CS La Colline,NULL
Sud,Aquin,Hôpital Saint Boniface de Fond des Blancs,CAL,Mixte,73103,CMMB,1,150,186.1.201.218,17.1 (1,18.28,-73.22,Hôpital Saint Boniface de Fond des Blancs,hsb
Sud,Aquin,Charles Pasqua,CAL,Pri,73104,,0,0,,0.0 RC0,18.2941,-73.3442,Charles Pasqua,NULL
Sud,Aquin,Vx Bourg,Disp,Mixte,73105,,0,0,,0.0 RC0,18.2989,-73.3435,Vx Bourg,NULL
Sud,Aquin,Ste Hélène,Disp,Pri,73106,,0,0,,0.0 RC0,18.3172,-73.3779,Ste Hélène,NULL
Sud,Aquin,Mouillage Fouquet,Disp,Publique,73107,,0,0,,0.0 RC0,NULL,NULL,Mouillage Fouquet,NULL
Sud,Saint Louis du Sud,CSL de Saint Louis du Sud,CSL,Publique,73201,UGP MSPP,1,57,,0.0 RC0,18.26,-73.55,Saint Louis,NULL
Sud,Saint Louis du Sud,Saint Patrick,Disp,Mixte,73202,,0,0,,0.0 RC0,18.2642,-73.5425,Saint Patrick,NULL
Sud,Saint Louis du Sud,Sucrerie Henry,Disp,Mixte,73203,,0,0,,0.0 RC0,18.2909,-73.5703,Sucrerie Henry,NULL
Sud,Saint Louis du Sud,World Vision BD,Disp,Pri,73204,,0,0,,0.0 RC0,NULL,NULL,World Vision BD,NULL
Sud,Saint Louis du Sud,Cherette,Disp,Pri,73205,,0,0,,0.0 RC0,NULL,NULL,Cherette,NULL
Sud,Cavaillon,Hôpital Lumiere Bonne-Fin,Hop,Mixte,73301,URC,1,181,,17.1 (1,18.3937,-73.6126,Hop Bonne Fin,NULL
Sud,Cavaillon,CS Cavaillon,CSL,Publique,73302,,0,0,,0.0 RC0,18.2946,-73.6461,CS Cavaillon,NULL
Sud,Cavaillon,Cavaillon NDPS,Disp,Mixte,73303,,0,0,,0.0 RC0,18.2994,-73.6536,Cavaillon NDPS,NULL
Sud,Cavaillon,Flamands,Disp,Mixte,73304,,0,0,,0.0 RC0,NULL,NULL,Flamands,NULL
Sud,Cavaillon,Com. Bonne Fin,SC,Pri,73305,,0,0,,0.0 RC0,18.3936,-73.6137,Com. Bonne Fin,NULL
Sud,Cavaillon,Sudre,Disp,Mixte,73306,,0,0,,0.0 RC0,NULL,NULL,Sudre,NULL
Sud,Coteaux,Coteaux,CSL,Publique,74101,,0,0,,0.0 RC0,18.206,-74.0405,Coteaux,NULL
Sud,Coteaux,Damassin,Disp,Publique,74102,,0,0,,0.0 RC0,18.2294,-74.0637,Damassin,NULL
Sud,Port à Piment,Port à Piment,CAL,Publique,74201,,0,0,,0.0 RC0,18.2538,-74.1,Port à Piment,NULL
Sud,Roche à Bateau,Roche à Bateau,Disp,Mixte,74301,,0,0,,0.0 RC0,18.1798,-74.0035,Roche à Bateau,NULL
Sud,Chardonnieres,Ste Anne,Disp,Mixte,75101,,0,0,,0.0 RC0,18.2736,-74.1663,Ste Anne,NULL
Sud,Chardonnières,Rendel,Disp,Mixte,75102,,0,0,,0.0 RC0,18.3177,-74.0934,Rendel,NULL
Sud,Les Anglais,Les Anglais,CAL,Publique,75201,,0,0,,0.0 RC0,18.3076,-74.2191,Les Anglais,NULL
Grande-anse,Jérémie,Hôpital Saint Antoine de Jeremie,Hopital,Publique,81100,ITECH,1,175,67.47.170.70,16.1 (8,18.646,-74.1175,Hôpital Saint Antoine de Jeremie,hsajeremie
Grande-anse,Jérémie,HHF-Klinik Pep Bondye,CSL,Privé,81101,URC,1,53,,17.1 (1,18.64,-74.12,Haitian Health Foundation,NULL
Grande-anse,Jérémie,Centre Médico Social de Gebeau,CSL,Privé,81102,ICC,1,112,,15.1 (8,18.6225,-74.1119,Centre médico social de Gebeau,NULL
Grande-anse,Jérémie,Sainte Thérèse de l’Enfant Jésus,Disp,Publique,81103,,0,0,,0.0 RC0,18.6357,-74.1862,Sainte Thérèse de l’Enfant Jésus,NULL
Grande-anse,Jérémie,Notre Dame du Perpétuel Secours de Latibolière,Disp,Publique,81104,,0,0,,0.0 RC0,18.5954,-74.1379,Notre Dame du Perpétuel Secours de Latibolière,NULL
Grande-anse,Jérémie,Siloé de Léon,Disp,Publique,81105,,0,0,,0.0 RC0,18.5457,-74.1115,Siloé de Léon,NULL
Grande-anse,Jérémie,SSPE de Mackandal,Disp,Publique,81106,,0,0,,0.0 RC0,18.6474,-74.1156,SSPE de Mackandal,NULL
Grande-anse,Jérémie,SSPE de Marfranc,Disp,Publique,81107,,0,0,,0.0 RC0,18.5872,-74.209,SSPE de Marfranc,NULL
Grande-anse,Jérémie,Notre Dame de l’Assomption de Numéro deux,Disp,Publique,81108,,0,0,,0.0 RC0,18.6633,-74.1584,Notre Dame de l’Assomption de Numéro deux,NULL
Grande-anse,Jérémie,Bon Pasteur de Prévilé,Disp,Publique,81109,,0,0,,0.0 RC0,18.5365,-74.1577,Bon Pasteur de Prévilé,NULL
Grande-anse,Jérémie,Centre de Santé de Ste Hélène,CS,Privé,81110,URC,1,54,,17.1 (1,18.64,-74.11,Centre Immaculé Conception de Ste Hélène,NULL
Grande-anse,Jérémie,FOSREF B,Disp,Privé,81111,,0,0,,0.0 RC0,NULL,NULL,FOSREF,NULL
Grande-anse,Jérémie,CARITAS B,Disp,Privé,81112,,0,0,,0.0 RC0,NULL,NULL,CARITAS,NULL
Grande-anse,Abricot,Centre de sante Saint Joseph des Abricots,Disp,Publique,81201,PATHFINDER,1,0,,0.0 RC0,0,0,SSPE des Abricots,NULL
Grande-anse,Abricot,Centre de Santé Léon Coicou d’Anse du Clerc,Disp,Publique,81202,,0,0,,0.0 RC0,18.6476,-74.278,Centre de Santé Léon Coicou d’Anse du Clerc,NULL
Grande-anse,Bonbon,Chemen La vi de Bonbon,Disp,Publique,81301,,0,0,,0.0 RC0,18.6651,-74.2448,Chemen La vi de Bonbon,NULL
Grande-anse,Bonbon,HHF de Bonbon,Disp,Privé,81302,,0,0,,0.0 RC0,NULL,NULL,HHF de Bonbon,NULL
Grande-anse,Moron,Centre de Santé de Moron,Disp,Publique,81401,,0,0,,0.0 RC0,18.5597,-74.2591,Centre de Santé de Moron,NULL
Grande-anse,Moron,HHF de Moron,Disp,Privé,81402,,0,0,,0.0 RC0,NULL,NULL,HHF de Moron,NULL
Grande-anse,Moron,Notre Dame de Lourdes de Moron,Disp,Publique,81403,,0,0,,0.0 RC0,18.5596,-74.2561,Notre Dame de Lourdes de Moron,NULL
Grande-anse,Chambellan,Centre de Santé de Chambellan,Disp,Publique,81501,,0,0,,0.0 RC0,18.5508,-74.3132,Centre de Santé de Chambellan,NULL
Grande-anse,Chambellan,SSPE de Bourdon,Disp,Publique,81502,,0,0,,0.0 RC0,18.4899,-74.3504,SSPE de Bourdon,NULL
Grande-anse,Anse d’Hainault,CAL Saint Jean-Baptiste de l’Anse d’Hainault,Disp,Publique,82101,,0,0,,0.0 RC0,NULL,NULL,CAL Saint Jean-Baptiste de l’Anse d’Hainault,NULL
Grande-anse,Anse d’Hainault,SSPE de Mandou,Disp,Publique,82102,,0,0,,0.0 RC0,18.4413,-74.4492,SSPE de Mandou,NULL
Grande-anse,Dame Marie,Hopital de Communaute Dame-Marienne,Hopital,mixte,82201,PATHFINDER,1,16,67.47.170.42,17.1 (1,18.56,-74.42,AEADEMA de Dame-Marie,NULL
Grande-anse,Dame Marie,Notre Dame des Malades,Disp,Publique,82202,,0,0,,0.0 RC0,NULL,NULL,Notre Dame des Malades,NULL
Grande-anse,Dame Marie,Sainte Anne de Bariadelle,Disp,Publique,82203,,0,0,,0.0 RC0,18.5168,-74.4412,Sainte Anne de Bariadelle,NULL
Grande-anse,Dame Marie,SKS Petite Rivière de Dame Marie,Disp,Publique,82204,,0,0,,0.0 RC0,NULL,NULL,SKS Petite Rivière de Dame Marie,NULL
Grande-anse,Dame Marie,Saint Michel de Désormeaux,Disp,Publique,82205,,0,0,,0.0 RC0,18.5453,-74.3655,Saint Michel de Désormeaux,NULL
Grande-anse,Irois,Sant sante espwa AFSC/Irois,Disp,Publique,82301,,0,0,,0.0 RC0,18.4063,-74.4499,Sant sante espwa AFSC/Irois,NULL
Grande-anse,Irois,Saint Martin de Porres des Irois,Disp,Publique,82302,,0,0,,0.0 RC0,18.3725,-74.4475,Saint Martin de Porres des Irois,NULL
Nippes,Plaisance du Sud,Dispensaire Luc Guillaume,CAL,Mixte,82501,ICC,1,0,0,0.0 RC0,18.4535,-73.5219,NULL,NULL
Grande-anse,Corail,CAL St Pierre de Corail,CAL,Publique,83101,PATHFINDER,1,78,,15.1 (8,0,0,CAL St Pierre de Corail,NULL
Grande-anse,Corail,SSPE de Moulines,Disp,Publique,83102,,0,0,,0.0 RC0,18.4773,-73.9975,SSPE de Moulines,NULL
Grande-anse,Corail,CMS de Gebeau a Corail,Disp,Privé,83103,,0,0,,0.0 RC0,18.5078,-73.9842,CMS de Gebeau a Corail,NULL
Grande-anse,Roseaux,Bon Samaritain des Roseaux,Disp,Publique,83201,,0,0,,0.0 RC0,18.5991,-74.0158,Bon Samaritain des Roseaux,NULL
Grande-anse,Roseaux,SSPE de Carrefour Charles,Disp,Publique,83202,,0,0,,0.0 RC0,18.5363,-73.9996,SSPE de Carrefour Charles,NULL
Grande-anse,Roseaux,CMS de Gébeau à Roseaux,Disp,Privé,83203,,0,0,,0.0 RC0,18.5092,-74.0623,CMS de Gébeau à Roseaux,NULL
Grande-anse,Roseaux,Saint Antoine de Padoue de Lopino,Disp,Privé,83204,,0,0,,0.0 RC0,NULL,NULL,Saint Antoine de Padoue de Lopino,NULL
Grande-anse,Roseaux,HHF a Roseaux,Disp,Privé,83205,,0,0,,0.0 RC0,NULL,NULL,HHF a Roseaux,NULL
Grande-anse,Beaumont,CAL Sainte Agnès Citimed de Beaumont,CAL,Mixte,83301,ICC,1,0,,15.1 (8,18.4716,-73.9429,CAL Sainte Agnès Citimed de Beaumont,NULL
Grande-anse,Beaumont,SSPE Communautaire de Beaumont,Disp,Publique,83302,,0,0,,0.0 RC0,NULL,NULL,SSPE Communautaire de Beaumont,NULL
Grande-anse,Pestel,Centre de Sante de Pestel,Disp,Publique,83401,UGP MSPP,1,31,,15.1 (8,18.5412,-73.7993,Centre de Sante de Pestel,NULL
Grande-anse,Pestel,SSPE des Basses,Disp,Publique,83402,,0,0,,0.0 RC0,NULL,NULL,SSPE des Basses,NULL
Grande-anse,Pestel,SSPE de Duchity,Disp,Publique,83403,,0,0,,0.0 RC0,18.4351,-73.9011,SSPE de Duchity,NULL
Grande-anse,Pestel,SSPE Espwa de Pointe Sable,Disp,Publique,83404,,0,0,,0.0 RC0,18.6069,-73.7951,SSPE Espwa de Pointe Sable,NULL
Nippes,Miragoane,Hôpital Sainte Thérèse de Miragoane,Hopital,Publique,84100,UGP MSPP,1,50,67.47.170.78,17.2 (1,18.446,-73.0701,Hôpital Sainte Thérèse de Miragoane,hopstetherese
Nippes,Miragoane,CAL de Paillant,CAL,Publique,84101,,0,0,,0.0 RC0,NULL,NULL,CAL de Paillant,NULL
Nippes,Miragoane,SSPE de Jeannette,Dispensaire,Publique,84102,,0,0,,0.0 RC0,NULL,NULL,SSPE de Jeannette,NULL
Nippes,Miragoane,SSPE de Mussotte,Dispensaire,Publique,84103,,0,0,,0.0 RC0,NULL,NULL,SSPE de Mussotte,NULL
Nippes,Miragoane,SSPE de Etang Rey,Dispensaire,Publique,84104,,0,0,,0.0 RC0,NULL,NULL,SSPE de Etang Rey,NULL
Nippes,Miragoane,SSPE de Beraca,Dispensaire,Publique,84105,,0,0,,0.0 RC0,NULL,NULL,SSPE de Beraca,NULL
Nippes,Miragoane,SSPE de Chalon,Dispensaire,Publique,84106,,0,0,,0.0 RC0,NULL,NULL,SSPE de Chalon,NULL
Nippes,Miragoane,SSPE de Lhomond,Dispensaire,Publique,84107,,0,0,,0.0 RC0,NULL,NULL,SSPE de Lhomond,NULL
Nippes,Miragoane,SSPE de Belle Rivière,Dispensaire,Publique,84108,,0,0,,0.0 RC0,NULL,NULL,SSPE de Belle Rivière,NULL
Nippes,Miragoane,SSPE de St Michel du Sud,Dispensaire,Publique,84109,,0,0,,0.0 RC0,NULL,NULL,SSPE de St Michel du Sud,NULL
Nippes,Miragoane,SSPE St Joseph de Pemerle,Dispensaire,Privé,84110,,0,0,,0.0 RC0,NULL,NULL,SSPE St Joseph de Pemerle,NULL
Nippes,Miragoane,Clinic Béthel,CAL,Privé,84111,CMMB,1,20,67.47.95.94,17.1 (1,18.36,-73.21,Hôpital Armee du Salut Clinic Béthel,bethel
Nippes,Petite Rivière de Nippes,CAL de Madian,CAL,Publique,84201,,0,0,,0.0 RC0,NULL,NULL,CAL de Madian,NULL
Nippes,Petite Rivière de Nippes,SSPE de Petite Rivière,Dispensaire,Publique,84202,,0,0,,0.0 RC0,NULL,NULL,SSPE de Petite Rivière,NULL
Nippes,Anse à Veau,CAL Jules Fleury,CAL,Publique,85101,PATHFINDER,1,0,,0.0 RC0,0,0,CAL Jules Fleury,NULL
Nippes,Anse à Veau,SSPE Ste Catherine de Bouzy,Dispensaire,Publique,85102,,0,0,,0.0 RC0,NULL,NULL,SSPE Ste Catherine de Bouzy,NULL
Nippes,Anse à Veau,SSPE de Javel,Dispensaire,Publique,85103,,0,0,,0.0 RC0,NULL,NULL,SSPE de Javel,NULL
Nippes,Anse à Veau,SSPE de Saint Yves,Dispensaire,Publique,85104,,0,0,,0.0 RC0,NULL,NULL,SSPE de Saint Yves,NULL
Nippes,Anse à Veau,SSPE d’Arnault,Dispensaire,Publique,85105,,0,0,,0.0 RC0,NULL,NULL,SSPE d’Arnault,NULL
Sud,Baraderes,Baradères,CAL,Publique,85201,,0,0,,0.0 RC0,NULL,NULL,Baradères,NULL
Nippes,Petite Trou de Nippes,CAL de Petit Trou,CAL,Publique,85301,JHPIEGO,1,91,,0.0 RC0,0,0,CAL de Petit Trou,NULL
Nippes,Petite Trou de Nippes,SSPE de Gauthier Civil,Dispensaire,Publique,85302,,0,0,,0.0 RC0,NULL,NULL,SSPE de Gauthier Civil,NULL
Nippes,Petite Trou de Nippes,SSPE de Plaisance,Dispensaire,Publique,85303,,0,0,,0.0 RC0,NULL,NULL,SSPE de Plaisance,NULL
Nippes,L’Asile,SSPE de l’Asile,Dispensaire,Publique,85401,,0,0,,0.0 RC0,NULL,NULL,SSPE de l’Asile,NULL
Nippes,L’Asile,SSPE de Béthesda,Dispensaire,Publique,85402,,0,0,,0.0 RC0,NULL,NULL,SSPE de Béthesda,NULL
Nippes,L’Asile,SSPE de Changieux,Dispensaire,Publique,85403,,0,0,,0.0 RC0,NULL,NULL,SSPE de Changieux,NULL
Nippes,L’Asile,SSPE de Morisseaux,Dispensaire,Publique,85404,,0,0,,0.0 RC0,NULL,NULL,SSPE de Morisseaux,NULL
Nord-ouest,Port de Paix,Hôpital Immaculée Conception de Port de Paix,Hôp,Publique,91100,UGP MSPP,1,135,67.47.170.82,17.1 (1,19.9356,-72.8319,Hôpital Immaculée Conception de Port de Paix,hicppx
Nord-ouest,Port de Paix,Trois Rivières,CSL,Publique,91101,,0,0,,0.0 RC0,19.9363,-72.8422,Trois Rivières,NULL
Nord-ouest,Port de Paix,Profamil B,CSL,Mixte,91102,,0,0,,0.0 RC0,NULL,NULL,Profamil,NULL
Nord-ouest,Port de Paix,Poste Métier,Disp,Publique,91103,,0,0,,0.0 RC0,19.8858,-72.9221,Poste Métier,NULL
Nord-ouest,Port de Paix,Baie des Moustiques,Disp,Publique,91104,,0,0,,0.0 RC0,19.9033,-72.9622,Baie des Moustiques,NULL
Nord-ouest,Port de Paix,Passe Catabois,Disp,Publique,91105,,0,0,,0.0 RC0,19.8222,-72.9393,Passe Catabois,NULL
Nord-ouest,Port de Paix,Beauchamp,Disp,Mixte,91106,,0,0,,0.0 RC0,19.8076,-72.9823,Beauchamp,NULL
Nord-ouest,Port de Paix,Foison,Disp,Privé,91107,,0,0,,0.0 RC0,19.7774,-72.9033,Foison,NULL
Nord-ouest,Port de Paix,Caluc,Disp,Privé,91108,,0,0,,0.0 RC0,19.7522,-72.931,Caluc,NULL
Nord-ouest,Port de Paix,Soleil,Disp,Privé,91109,,0,0,,0.0 RC0,19.9461,-72.8235,Soleil,NULL
Nord-ouest,Port de Paix,Beaudin,Disp,Privé,91110,,0,0,,0.0 RC0,19.7722,-72.9574,Beaudin,NULL
Nord-ouest,Port de Paix,Fatima la Coupe,Disp,Privé,91111,,0,0,,0.0 RC0,19.9288,-72.8235,Fatima la Coupe,NULL
Nord-ouest,Port de Paix,Fatima Chalet,Disp,Privé,91112,,0,0,,0.0 RC0,19.9453,-72.821,Fatima Chalet,NULL
Nord-ouest,Port de Paix,La Croix St Joseph,Disp,Privé,91113,,0,0,,0.0 RC0,19.9054,-72.793,La Croix St Joseph,NULL
Nord-ouest,Port de Paix,Centre Medical Beraca,Hôp,Privé,91114,URC,1,85,67.47.170.58,16.1 (8,19.9443,-72.7747,Centre Medical Beraca,beraca
Nord-ouest,La Tortue,Hopital Notre Dame des Palmistes,CSL,mixte,91120,JHPIEGO,1,59,,NULL,19.95,-73.76,NULL,NULL
Nord-ouest,Anse à Foleur,Centre de Sante d'Anse à Foleur,CSL,Public,91130,,1,62,,NULL,19.91,-72.66,NULL,NULL
Nord-ouest,La Tortue,Palmistes,CAL,Publique,91201,,0,0,,0.0 RC0,20.0194,-72.726,Palmistes,NULL
Nord-ouest,La Tortue,Haut Plaine,Disp,Mixte,91202,,0,0,,0.0 RC0,20.0058,-72.6644,Haut Plaine,NULL
Nord-ouest,La Tortue,La Vallée,Disp,Mixte,91203,,0,0,,0.0 RC0,20.0335,-72.8681,La Vallée,NULL
Nord-ouest,La Tortue,Mare Rouge,Disp,Mixte,91204,,0,0,,0.0 RC0,20.0324,-72.7856,Mare Rouge,NULL
Nord-ouest,La Tortue,Montry,Disp,Mixte,91205,,0,0,,0.0 RC0,20.0398,-72.8297,Montry,NULL
Nord-ouest,Bassin Bleu,Bon Samaritain,CAL,Mixte,91301,,0,0,,0.0 RC0,19.7826,-72.7971,Bon Samaritain,NULL
Nord-ouest,Bassin Bleu,La Plate,Disp,Mixte,91302,,0,0,,0.0 RC0,19.8162,-72.7605,La Plate,NULL
Nord-ouest,Bassin Bleu,Haut Moustique,Disp,Mixte,91303,,0,0,,0.0 RC0,19.7429,-72.8757,Haut Moustique,NULL
Nord-ouest,Chansolme,Chansolme,Disp,Publique,91401,,0,0,,0.0 RC0,19.875,-72.8344,Chansolme,NULL
Nord-ouest,St Ls du Nord,Bonneau,CAL,Mixte,92101,,0,0,,0.0 RC0,19.906,-72.6553,Bonneau,NULL
Nord-ouest,St Louis du Nord,Hopital Communautaire Autrichien Haitien,CSL,Publique,92102,,1,82,,0.0 RC0,19.93,-72.73,St Louis du Nord,NULL
Nord-ouest,St Ls du Nord,NWCM,CSL,Privé,92103,,0,0,,0.0 RC0,19.9315,-72.7205,NWCM,NULL
Nord-ouest,St Ls du Nord,Desgranges,Disp,Publique,92104,,0,0,,0.0 RC0,19.9248,-72.7078,Desgranges,NULL
Nord-ouest,St Ls du Nord,Chamoise,Disp,Publique,92105,,0,0,,0.0 RC0,19.8285,-72.6871,Chamoise,NULL
Nord-ouest,St Ls du Nord,Glacis,Disp,Mixte,92106,,0,0,,0.0 RC0,19.8495,-72.7132,Glacis,NULL
Nord-ouest,St Ls du Nord,La Perrière,Disp,Mixte,92107,,0,0,,0.0 RC0,19.8722,-72.7367,La Perrière,NULL
Nord-ouest,St Ls du Nord,Jean Clair,Disp,Mixte,92108,,0,0,,0.0 RC0,19.8475,-72.6882,Jean Clair,NULL
Nord-ouest,St Ls du Nord,Gaspard,Disp,Privé,92109,,0,0,,0.0 RC0,19.8708,-72.6834,Gaspard,NULL
Nord-ouest,St Ls du Nord,Chaineau,Disp,Privé,92110,,0,0,,0.0 RC0,19.8848,-72.6736,Chaineau,NULL
Nord-ouest,St Ls du Nord,Villaceau,Disp,Privé,92111,,0,0,,0.0 RC0,NULL,NULL,Villaceau,NULL
Nord-ouest,St Ls du Nord,Zabricot,Disp,Privé,92112,,0,0,,0.0 RC0,19.9119,-72.6976,Zabricot,NULL
Nord-ouest,St Ls du Nord,Guichard B,Disp,Privé,92113,,0,0,,0.0 RC0,19.9186,-72.7477,Guichard,NULL
Nord-ouest,Anse à Foleur,Anse à Foleur,CAL,Publique,92201,,0,0,,0.0 RC0,19.892,-72.6174,Anse à Foleur,NULL
Nord-ouest,Anse à Foleur,Dity,Disp,Mixte,92202,,0,0,,0.0 RC0,19.8455,-72.609,Dity,NULL
Nord-ouest,Anse à Foleur,Côtes de Fer,Disp,Mixte,92203,,0,0,,0.0 RC0,19.8832,-72.5793,Côtes de Fer,NULL
Nord-ouest,Môle St Nicolas,Centre de Santé de Môle Saint Nicolas,CSL,Publique,93101,UGP MSPP,1,64,,16.1 (8,19.8,-73.37,Môle Saint Nicolas,NULL
Nord-ouest,Môle St Nicolas,Mare Rouge B,CSL,Mixte,93102,,0,0,,0.0 RC0,19.7999,-73.2561,Mare Rouge,NULL
Nord-ouest,Môle St Nicolas,Sentrain,Disp,Privé,93103,,0,0,,0.0 RC0,19.8137,-73.2679,Sentrain,NULL
Nord-ouest,Môle St Nicolas,Côtes de Fer B,Disp,Privé,93104,,0,0,,0.0 RC0,19.825,-73.2909,Côtes de Fer,NULL
Nord-ouest,Môle St Nicolas,Temps Perdu,Disp,Privé,93105,,0,0,,0.0 RC0,19.783,-73.2445,Temps Perdu,NULL
Nord-ouest,Baie de Henne,Centre de Sante Baie de Henne,CAL,Publique,93201,SSQH,1,73,,0.0 RC0,19.66,-73.21,Baie de Henne,NULL
Nord-ouest,Baie de Henne,La Source,Disp,Privé,93202,,0,0,,0.0 RC0,19.7271,-73.1591,La Source,NULL
Nord-ouest,Baie de Henne,Pte Riv. Baie de Henne,Disp,Publique,93203,,0,0,,0.0 RC0,19.7205,-73.1714,Pte Riv. Baie de Henne,NULL
Nord-ouest,Bombardopolis,Hôpital Evangelique de Bombardopolis,CAL,Mixte,93301,GHESKIO,1,30,67.47.95.1,17.1 (1,19.6928,-73.336,Hôpital Evangelique de Bombardopolis,hopbombard
Nord-ouest,Bombardopolis,Rochefort,Disp,Privé,93302,,0,0,,0.0 RC0,19.7027,-73.3799,Rochefort,NULL
Nord-ouest,Bombardopolis,Mont des Oliviers,Disp,Privé,93303,,0,0,,0.0 RC0,19.6948,-73.3682,Mont des Oliviers,NULL
Nord-ouest,Bombardopolis,Plate Forme,Disp,Privé,93304,,0,0,,0.0 RC0,NULL,NULL,Plate Forme,NULL
Nord-ouest,Bombardopolis,Desforges,Disp,Privé,93305,,0,0,,0.0 RC0,NULL,NULL,Desforges,NULL
Nord-ouest,Jean Rabel,Hôpital Notre Dame de la Paix de Jean Rabel,Hôp,Publique,93401,UGP MSPP,1,22,,15.1 (8,19.8559,-73.1901,Hôpital Notre Dame de la Paix de Jean Rabel,NULL
Nord-ouest,Jean Rabel,Bord de Mer,Disp,Publique,93402,,0,0,,0.0 RC0,19.9058,-73.1954,Bord de Mer,NULL
Nord-ouest,Jean Rabel,La Montagne,Disp,Publique,93403,,0,0,,0.0 RC0,19.7801,-73.1933,La Montagne,NULL
Nord-ouest,Jean Rabel,La Coma,Disp,Privé,93404,,0,0,,0.0 RC0,19.8802,-73.0762,La Coma,NULL
Nord-ouest,Jean Rabel,Guinaudée,Disp,Mixte,93405,,0,0,,0.0 RC0,19.8306,-73.1334,Guinaudée,NULL
Nord-ouest,Jean Rabel,La Réserve,Disp,Mixte,93406,,0,0,,0.0 RC0,19.7898,-73.1492,La Réserve,NULL
Nord-ouest,Jean Rabel,Gombo,Disp,Mixte,93407,,0,0,,0.0 RC0,19.8009,-73.0779,Gombo,NULL
Nord-ouest,Jean Rabel,Raymond,Disp,Mixte,93408,,0,0,,0.0 RC0,19.7832,-73.0184,Raymond,NULL
Nord-ouest,Jean Rabel,Dubois,Disp,Mixte,93409,,0,0,,0.0 RC0,19.8327,-73.0152,Dubois,NULL
Nord-ouest,Jean Rabel,Cabaret,Disp,Publique,93410,,0,0,,0.0 RC0,19.8755,-73.0133,Cabaret,NULL
Nord-ouest,Jean Rabel,K-Philippe,Disp,Privé,93411,,0,0,,0.0 RC0,19.8032,-73.1083,K-Philippe,NULL
Nord-ouest,Jean Rabel,Boucan Patriot,Disp,Privé,93412,,0,0,,0.0 RC0,19.7648,-73.0944,Boucan Patriot,NULL
Nord-ouest,Jean Rabel,Port à l’Ecu,Disp,Privé,93413,,0,0,,0.0 RC0,19.9056,-73.0411,Port à l’Ecu,NULL
Nord-ouest,Jean Rabel,Café Paul,Disp,Privé,93414,,0,0,,0.0 RC0,19.8601,-73.0978,Café Paul,NULL
Nord-ouest,Jean Rabel,La Bellée,Disp,Privé,93415,,0,0,,0.0 RC0,19.7548,-73.1494,La Bellée,NULL
Nord-ouest,Jean Rabel,Porrier,Disp,Privé,93416,,0,0,,0.0 RC0,19.8377,-73.2054,Porrier,NULL
Nord-ouest,Jean Rabel,Grann Lison,Disp,Privé,93417,,0,0,,0.0 RC0,19.8311,-73.1871,Grann Lison,NULL
Nord-ouest,Jean Rabel,Croix Sauval,Disp,Privé,93418,,0,0,,0.0 RC0,19.8167,-73.2383,Croix Sauval,NULL
Ouest,Port-au-Prince,CEPOZ Centre Espoir,CSL,Privé,95698,POZ,1,0,,17.1 (1,18.539,-72.335,CEPOZ Centre Espoir,NULL
